-- Creating Database

Create database DM_Final;
Use DM_Final;

CREATE TABLE Supplier(
 SupplierID INT(9) NOT NULL,
 VaccineType VARCHAR(20) NOT NULL,
 PostalCodeOfSupplier INT(9) NOT NULL,
 SupplyDetails VARCHAR(255),
PRIMARY KEY (SupplierID)
);

CREATE TABLE Patient(
 HealthCardNumber INT(9) NOT NULL,
 PatientName VARCHAR (255) NOT NULL,
 Address VARCHAR(255) NOT NULL,
 PostalCode INT(6) NOT NULL,
 DOB DATE NOT NULL,
 EmailAddress VARCHAR(255),
 MedicalHistory VARCHAR(300),
PRIMARY KEY (HealthCardNumber)
);

CREATE TABLE Appointment(
AppointmentID INT(9) auto_increment,
PatientHealthNumber INT(9) NOT NULL,
DateOfAppointment DATE NOT NULL,
TimeOfAppointment TIME NOT NULL,
DoseNumber INT(1) NOT NULL,
PRIMARY KEY (AppointmentID),
foreign key fk_PatientHealthNumber (PatientHealthNumber) REFERENCES Patient(HealthCardNumber)
on delete cascade on update cascade);


CREATE TABLE Clinic(
ClinicID INT(9) NOT NULL,
Name Varchar(50) NOT NULL,
 PostalCode INT(10) NOT NULL,
Primary key(ClinicID)
);


Create table orderplaced(
OrderID Int(9) not null,
Supp_ID INT(9) NOT NULL,
Clin_ID INT(9) NOT NULL,
Primary key (OrderID),
foreign key fk_Supp_ID (Supp_ID) REFERENCES Supplier(SupplierID) on delete cascade on update cascade,
foreign key fk_Clin_ID (Clin_ID) REFERENCES Clinic(ClinicID) on delete cascade on update cascade
);

CREATE TABLE Station(
StationID INT(9) auto_increment,
Type VARCHAR(30) NOT NULL,
Clinic_ID INT(9) NOT NULL,
PRIMARY KEY (StationID),
foreign key fk_Clinic_ID (Clinic_ID) REFERENCES Clinic(ClinicID) on delete cascade on update cascade
);


CREATE TABLE Staff(
StaffNumber INT(9) auto_increment,
Name varchar(100) NOT NULL,
PRIMARY KEY (StaffNumber)
);


CREATE TABLE EmergencyDoctor(
MINC INT(9) NOT NULL,
Address VARCHAR(255) NOT NULL,
StaffNo INT(9) NOT NULL,
PRIMARY KEY (MINC),
foreign key fk_StaffNo (StaffNo) REFERENCES Staff(StaffNumber) on delete cascade on update cascade
);


CREATE TABLE Vaccinator(
MINC INT(9) NOT NULL,
Address VARCHAR(255) NOT NULL,
StaffNum INT(9) NOT NULL,
PRIMARY KEY (MINC),
foreign key fk_StaffNum (StaffNum) REFERENCES Staff(StaffNumber) on delete cascade on update cascade
);


CREATE TABLE Volunteer(
VolunteerID INT(9) auto_increment,
Address VARCHAR(255) NOT NULL,
Role VARCHAR(50) NOT NULL,
Staff_No INT(9) NOT NULL,
PRIMARY KEY (VolunteerID),
foreign key fk_Staff_No (Staff_No) REFERENCES Staff(StaffNumber) on delete cascade on update cascade
);


Create Table Injection(
InjectionId INT(9) auto_increment,
HealthCardNo INT(9) NOT NULL,
Station_ID INT(9) NOT NULL,
Staff_Number INT(9) NOT NULL,
Order_ID INT(9) NOT NULL,
Primary key (InjectionId),
foreign key fk_HealthCardNo (HealthCardNo) REFERENCES Patient(HealthCardNumber) on delete cascade on update cascade,
foreign key fk_Station_ID (Station_ID) REFERENCES Station(StationID) on delete cascade on update cascade,
foreign key fk_Staff_Number (Staff_Number) REFERENCES Staff(StaffNumber) on delete cascade on update cascade,
foreign key fk_Order_ID (Order_ID) REFERENCES Orderplaced(OrderID) on delete cascade on update cascade
);


CREATE TABLE Receipt(
Injection_Id INT(9) NOT NULL,
Appointment_ID INT(9) NOT NULL,
PRIMARY KEY (Injection_Id),
foreign key fk_Injection_Id (Injection_Id) REFERENCES Injection(InjectionId) on delete cascade on update cascade,
foreign key fk_Appointment_ID (Appointment_ID) REFERENCES Appointment(AppointmentID) on delete cascade on update cascade
);


-- Populating database

INSERT INTO `supplier` (`SupplierID`, `VaccineType`, `PostalCodeOfSupplier`, `SupplyDetails`) VALUES
(1, 'Pfizer-BioNTech', 90205, 'Store under cool temperature as per guidelines provided\r\n2 doses required with atleast 28 days of gap between each dose'),
(2, 'Moderna', 10608, 'Store under cool temperature as per guidelines provided\r\n2 doses required with atleast 35 days of gap between each dose'),
(3, 'Oxford-AstraZeneca', 640107, 'Store under normal temperature as per guidelines provided\r\n2 doses required with atleast 60 days of gap between each dose'),
(4, 'Johnson & Johnson', 6702157, 'Store under normal temperature as per guidelines provided\r\n1 dose required');


INSERT INTO `patient` (`HealthCardNumber`, `PatientName`, `Address`, `PostalCode`, `DOB`, `EmailAddress`, `MedicalHistory`) VALUES
(1046889, 'Caitrin Arlow', '65144 Hallows Park', 219251, '1955-07-29', 'carlowl3@vinaora.com', 'O99840'),
(1298822, 'Justin Andersch', '2 Reinke Point', 498274, '1965-06-10', 'janderschof@samsung.com', 'T48905S'),
(1338752, 'Moise Hambleton', '149 Dayton Park', 902204, '1971-06-27', 'mhambleton95@webs.com', 'X34XXXS'),
(1407555, 'Brant Wem', '3 Sullivan Place', 651343, '2000-10-26', 'bwemgp@wikispaces.com', 'S53432S'),
(1455104, 'Chrissy Pendre', '01 Sloan Junction', 167769, '1964-04-16', 'cpendre2a@uiuc.edu', 'I2584'),
(1502081, 'Rosalinde Levington', '08 Becker Crossing', 321467, '2000-09-20', 'rlevington7@msu.edu', 'S21222'),
(1540607, 'Sollie Kingstne', '086 Cody Trail', 309019, '1970-01-22', 'skingstnehm@pagesperso-orange.fr', 'O46091'),
(1633134, 'Ellis McSweeney', '44785 Glendale Place', 207388, '1989-04-07', 'emcsweeneypx@so-net.ne.jp', 'S90912A'),
(1662631, 'Terrance Cambden', '850 Grasskamp Way', 568402, '1987-03-18', 'tcambden3r@google.pl', 'R94138'),
(1665949, 'Gabbi Brammer', '62 Garrison Crossing', 395659, '1981-11-01', 'gbrammer43@yahoo.com', 'E093491'),
(1778257, 'Amalie Sherar', '0860 Lerdahl Road', 367448, '2000-10-05', 'asherard4@angelfire.com', 'T2143XS'),
(1789173, 'Lucia Ohlsen', '9002 Jay Place', 596400, '2003-10-12', 'lohlsen1j@biglobe.ne.jp', 'R87'),
(1802531, 'Shantee Gilling', '7820 Mifflin Trail', 456378, '2010-05-04', 'sgillingcw@woothemes.com', 'Y38891A'),
(1824776, 'Kimberley Defau', '4819 Eagle Crest Circle', 638265, '1964-09-15', 'kdefaua3@home.pl', 'V632'),
(1875015, 'Tawsha Marrable', '659 Schlimgen Way', 113876, '1949-03-15', 'tmarrableev@ibm.com', 'R402232'),
(1928761, 'Gleda Tether', '3 Aberg Park', 529533, '1951-02-17', 'gtether3j@github.com', 'O365999'),
(1958414, 'Duffy Edeler', '3 Hovde Park', 875663, '1984-08-22', 'dedeler9k@who.int', 'S62514K'),
(2105484, 'Barbra Buckham', '8 Everett Court', 856207, '1973-04-07', 'bbuckhami7@discovery.com', 'S62362S'),
(2406602, 'Paola Cottesford', '53790 Twin Pines Hill', 207648, '2010-01-14', 'pcottesforddk@github.com', 'E85'),
(2442721, 'Marlene Oldford', '5567 Northwestern Terrace', 509629, '1969-04-22', 'moldfordml@google.it', 'S63293S'),
(2488570, 'Alexandre Dilloway', '5 Shopko Way', 413630, '1973-03-14', 'adillowayf5@odnoklassniki.ru', 'S32451'),
(2511777, 'Raynell Matushenko', '876 School Parkway', 753705, '1972-02-26', 'rmatushenko21@liveinternet.ru', 'M0892'),
(2870378, 'Madella Bembridge', '163 Roth Place', 106178, '1995-02-05', 'mbembridgej7@xrea.com', 'T348'),
(2939902, 'Fulton Parmeter', '27 Riverside Avenue', 965246, '2003-08-11', 'fparmeter6v@opera.com', 'S52501C'),
(3056076, 'Sheilakathryn Pariso', '8188 Hoffman Court', 263962, '2000-11-01', 'spariso88@sbwire.com', 'S75891D'),
(3121133, 'Lenard Paffett', '4 Kensington Center', 790886, '1994-03-26', 'lpaffettjt@upenn.edu', 'M02179'),
(3263913, 'Ripley Harriagn', '11 Havey Place', 269475, '1968-04-16', 'rharriagn71@bbb.org', 'T83120S'),
(3296293, 'Valerie Dowdle', '937 Gerald Plaza', 260188, '1978-03-21', 'vdowdleq9@digg.com', 'S82856K'),
(3357499, 'Lauren Chung', '7 Pawling Avenue', 567799, '1963-09-30', 'lchunghj@arizona.edu', 'S728X2'),
(3429927, 'Lorinda Duigenan', '5889 Eagan Lane', 974057, '2005-08-14', 'lduigenan6o@samsung.com', 'T2144'),
(3505218, 'Willie Treadgall', '3 Bellgrove Place', 557387, '1960-08-17', 'wtreadgallit@t-online.de', 'Y9226'),
(3507621, 'Trstram Drezzer', '9 Farwell Circle', 356194, '1964-06-02', 'tdrezzer5p@parallels.com', 'M24851'),
(3642555, 'Alberto Rappoport', '22 Stang Way', 145124, '1993-08-18', 'arappoport5b@surveymonkey.com', 'H02824'),
(3696862, 'Bealle Stemp', '5205 Summit Plaza', 911287, '1951-07-12', 'bstemp1m@alexa.com', 'H402290'),
(3739715, 'Bunni Godsell', '569 Northwestern Lane', 697988, '1954-08-29', 'bgodsellqq@drupal.org', 'H6021'),
(4018361, 'Zorine Rosenau', '18 Golf Way', 388081, '1951-03-11', 'zrosenau4q@cisco.com', 'V0602XD'),
(4135002, 'Jemima Kemmett', '641 Sutteridge Court', 797402, '1968-09-26', 'jkemmettl4@quantcast.com', 'M2561'),
(4229219, 'Marie-ann Axelby', '8496 Knutson Terrace', 406922, '1960-03-22', 'maxelbyp6@merriam-webster.com', 'S82444P'),
(4306514, 'Greg Bunton', '1 Kenwood Way', 537715, '1984-09-09', 'gbuntonea@xinhuanet.com', 'S62304P'),
(4429147, 'Nikolai Durnford', '932 Artisan Avenue', 826217, '1972-01-11', 'ndurnfordbm@angelfire.com', 'T40693D'),
(4603826, 'Dalenna Euesden', '7537 Victoria Alley', 670091, '1949-08-11', 'deuesden1a@huffingtonpost.com', 'T69022D'),
(4693830, 'Wilie Chace', '3 Mallard Junction', 807841, '1965-04-04', 'wchacekv@trellian.com', 'S92153G'),
(4939447, 'Sayer Verman', '1388 Dexter Plaza', 698363, '1954-06-17', 'sverman84@toplist.cz', 'M84553'),
(5106899, 'Katina Heindrich', '4958 Melvin Road', 930504, '1992-07-20', 'kheindrich4r@mapquest.com', 'S3214XB'),
(5277894, 'Corissa Philipart', '0927 Nelson Alley', 883760, '1960-06-09', 'cphilipart8s@opensource.org', 'E0822'),
(5321002, 'Thatcher Starkey', '55 Holy Cross Point', 237230, '1986-05-14', 'tstarkeydb@so-net.ne.jp', 'O10419'),
(5343699, 'Odille Clitheroe', '0423 Farragut Hill', 225320, '1967-02-12', 'oclitheroee0@wiley.com', 'Y37000A'),
(5349742, 'Jolie Atcock', '5653 Hooker Terrace', 602599, '1986-01-10', 'jatcock40@hhs.gov', 'S62026D'),
(5362476, 'Boony Hurdidge', '18 Huxley Lane', 272591, '2013-06-10', 'bhurdidgedr@tinyurl.com', 'M65812'),
(5416329, 'Janessa Kearford', '33 Huxley Alley', 387627, '2004-07-03', 'jkearfordqk@ask.com', 'M5405'),
(5528027, 'Esmeralda Guerrier', '0969 Orin Pass', 143206, '2010-10-15', 'eguerriern4@nydailynews.com', 'T24019'),
(5548795, 'Ardath Rigg', '2513 Riverside Terrace', 276983, '2007-01-10', 'ariggl2@typepad.com', 'S93419'),
(5592055, 'Mandi Minichi', '5601 Fremont Way', 345493, '1982-02-06', 'mminichibz@surveymonkey.com', 'S72121G'),
(5758908, 'Corny Richt', '2 Di Loreto Drive', 935749, '1991-12-11', 'crichthr@abc.net.au', 'S56414S'),
(5781925, 'Andeee Hannam', '8470 Messerschmidt Way', 653174, '1952-07-07', 'ahannam7l@cam.ac.uk', 'H2151'),
(6085788, 'Cornela Grigolon', '31 Eliot Plaza', 618677, '1991-08-27', 'cgrigolonnu@uiuc.edu', 'S48021D'),
(6092911, 'Naomi O\'Dea', '501 Sherman Trail', 356525, '1951-09-11', 'nodeah2@imageshack.us', 'T1781'),
(6230705, 'Ruby Kynett', '37 Mockingbird Park', 418737, '1981-05-02', 'rkynett2i@virginia.edu', 'T23272D'),
(6330320, 'Audra Cassels', '9263 Del Sol Park', 706433, '1993-02-16', 'acassels6l@sciencedirect.com', 'Y35211S'),
(6538277, 'Orv Wedgbrow', '7 Ludington Junction', 239818, '1992-09-18', 'owedgbrowb6@meetup.com', 'S3706'),
(6625258, 'Romonda Eaklee', '01 Stephen Pass', 897991, '1984-07-23', 'reaklee4w@last.fm', 'S82121B'),
(6726184, 'Antoinette Cocke', '2 Lunder Center', 545775, '1961-01-18', 'acocke8l@ihg.com', 'S56999D'),
(6775420, 'Nobie Issitt', '2929 Darwin Pass', 763302, '1998-08-08', 'nissittib@narod.ru', 'S78912D'),
(6825224, 'Salvatore Gibbs', '73890 Green Ridge Place', 333625, '1960-09-15', 'sgibbso6@deliciousdays.com', 'E272'),
(7001310, 'Hastie Gibbieson', '110 7th Way', 551087, '1960-01-14', 'hgibbiesongw@github.io', 'S31142S'),
(7161511, 'Magdalen Pfaff', '8 Hermina Terrace', 282656, '1991-03-01', 'mpfaffc@livejournal.com', 'T25611'),
(7537671, 'Blondell Shilburne', '5 Oakridge Trail', 309281, '2007-08-04', 'bshilburne9z@example.com', 'S1202XS'),
(7729085, 'Marian Narbett', '48925 Meadow Valley Place', 506099, '1978-09-30', 'mnarbettck@yale.edu', 'D224'),
(8049686, 'Zackariah Crisford', '7039 Almo Trail', 933869, '1995-01-13', 'zcrisfordg@sciencedirect.com', 'M028'),
(8133871, 'Evaleen Rosenstock', '7907 Gulseth Drive', 828910, '1994-05-29', 'erosenstock1o@reddit.com', 'T23029S'),
(8191138, 'Allissa Zoppie', '59 Mendota Junction', 329633, '2013-05-07', 'azoppie4s@sphinn.com', 'M4855XS'),
(8274382, 'Hamish Shillom', '8 Briar Crest Point', 530665, '1955-01-14', 'hshillomcj@hud.gov', 'S50871A'),
(8291361, 'Blanca Menham', '413 Oakridge Place', 809802, '1964-03-02', 'bmenham50@i2i.jp', 'S21312A'),
(8318815, 'Ronda McGerr', '3405 Fordem Court', 994539, '1998-07-07', 'rmcgerr1t@nyu.edu', 'O3101X3'),
(8469654, 'Danya Baggett', '649 Harbort Trail', 379019, '2009-06-18', 'dbaggett6c@spiegel.de', 'T63004S'),
(8758059, 'Ellie Muslim', '76 Monterey Drive', 449484, '1976-01-30', 'emuslimf0@globo.com', 'C103'),
(8825600, 'Culver Argent', '2291 Caliangt Place', 672674, '1949-04-25', 'cargentec@freewebs.com', 'S90122A'),
(8956768, 'Melisse Leese', '3 Judy Trail', 410358, '1997-05-26', 'mleese9p@over-blog.com', 'S3799'),
(8992543, 'Moritz Jackman', '981 Elgar Trail', 960336, '1998-01-07', 'mjackmanca@icio.us', 'T608X3S'),
(9116292, 'Dede Lodden', '4 Westerfield Trail', 948255, '2003-07-15', 'dloddenio@quantcast.com', 'V9010'),
(9262990, 'Anita Luckcuck', '3 Maple Wood Pass', 205901, '1949-11-16', 'aluckcuck7c@wp.com', 'S24141'),
(9265181, 'Dulciana Horsell', '5093 Manufacturers Way', 565784, '1999-07-10', 'dhorsellol@scientificamerican.com', 'S72123D'),
(9327190, 'Merrili Johncey', '32632 Graedel Parkway', 179825, '1955-03-05', 'mjohncey96@blogs.com', 'S72434G'),
(9432351, 'Ciro Warman', '670 Russell Road', 109235, '1990-08-06', 'cwarman5s@census.gov', 'T699XXA'),
(9447673, 'Prissie Dragoe', '91 Lakeland Hill', 112894, '1984-04-28', 'pdragoei4@liveinternet.ru', 'F14950'),
(9545391, 'Arnuad Whelband', '659 Sherman Center', 973935, '2013-05-26', 'awhelband3e@salon.com', 'H61191'),
(9577867, 'Glen Sargent', '290 Mcbride Street', 566754, '1991-06-14', 'gsargent5e@bigcartel.com', 'O26811'),
(9660938, 'Lisetta Pithcock', '369 Bonner Plaza', 302300, '1982-01-30', 'lpithcockqc@eepurl.com', 'T23542A'),
(9940043, 'Buddy Ridehalgh', '0784 Larry Way', 185754, '2000-01-04', 'bridehalgh1w@netvibes.com', 'V222XXD'),
(9990941, 'Arleta Tape', '61 Kedzie Parkway', 263692, '1987-11-28', 'atapedi@forbes.com', 'S82221H'),
(10350946, 'Windham Curmi', '2 Eagle Crest Court', 846112, '1996-10-14', 'wcurmi3y@loc.gov', 'S65514A'),
(10382424, 'Clair Trime', '363 Garrison Avenue', 169752, '1956-06-20', 'ctrimedz@hostgator.com', 'J0120'),
(10405732, 'Hastings Bedson', '9 Luster Parkway', 949481, '1966-06-14', 'hbedson7h@nationalgeographic.com', 'S2600'),
(10405903, 'Iris Peetermann', '7359 Golden Leaf Junction', 997331, '1956-12-04', 'ipeetermannat@google.com.hk', 'S67198D'),
(10635873, 'Carmine Jarrard', '12 South Alley', 639773, '1998-11-19', 'cjarrardb0@macromedia.com', 'T471X2'),
(10676561, 'Elora Wraighte', '423 Weeping Birch Crossing', 631881, '1998-08-09', 'ewraightejg@telegraph.co.uk', 'S02651G'),
(10701856, 'Rici Allman', '24920 Fieldstone Way', 376671, '2006-06-12', 'rallmaneo@wikimedia.org', 'I6200'),
(10956917, 'Kermit Spurrier', '2968 Quincy Avenue', 791700, '2010-03-14', 'kspurrierdv@wired.com', 'W2103'),
(11019219, 'Caresse Beert', '1 Dapin Hill', 506592, '1996-02-24', 'cbeert3g@virginia.edu', 'S63279S'),
(11066113, 'Alden Aleksich', '7 Upham Park', 958838, '1989-05-27', 'aaleksich75@cbsnews.com', 'V520XXD'),
(11133286, 'Carmela Plaister', '67 Florence Place', 845657, '1958-04-20', 'cplaisterkk@simplemachines.org', 'O29212'),
(11173781, 'Josey Joskowitz', '3533 Main Plaza', 150893, '1984-09-22', 'jjoskowitz23@desdev.cn', 'V9015XD'),
(11286357, 'Mordecai Agg', '90264 Warner Trail', 206482, '1956-10-29', 'maggjm@dyndns.org', 'S62623'),
(11360301, 'Marthe Norster', '15207 Hoffman Street', 864294, '1960-01-03', 'mnorsterha@barnesandnoble.com', 'T2034XD'),
(11491228, 'Mara Thorius', '5 Daystar Point', 910175, '1954-10-21', 'mthorius28@tinypic.com', 'P616'),
(11554380, 'Fran Geffe', '43 Roth Trail', 735750, '1976-03-26', 'fgeffed8@paypal.com', 'S65109A'),
(11646421, 'Farrah Dommerque', '93 Birchwood Pass', 817642, '2011-09-28', 'fdommerquemm@latimes.com', 'W890XXS'),
(11739936, 'Jena Griffith', '24609 Knutson Plaza', 244185, '1990-08-30', 'jgriffithqw@webnode.com', 'S90426'),
(11873888, 'Staci Dewes', '2 Pond Lane', 676103, '1954-03-11', 'sdewesbx@github.com', 'S42242S'),
(11918299, 'Elisabetta Karpfen', '08090 Lighthouse Bay Place', 759490, '1965-05-26', 'ekarpfenkh@mlb.com', 'T20612'),
(11932723, 'Sonnnie Couper', '8 Mcguire Road', 935678, '1996-06-07', 'scouperrp@rediff.com', 'H53412'),
(11934474, 'Anna-diana Summergill', '7 Quincy Circle', 509816, '1966-04-02', 'asummergillj2@google.com.hk', 'T8253'),
(11966365, 'Corrie Oldridge', '0998 Porter Alley', 418359, '1963-11-11', 'coldridge2c@privacy.gov.au', 'S01121S'),
(11975828, 'Veronique Coddington', '93508 Dexter Street', 366965, '1974-12-08', 'vcoddington7t@mtv.com', 'A5201'),
(12086045, 'Mala Gummoe', '1 Dorton Hill', 427584, '1967-06-27', 'mgummoeeb@de.vu', 'S91225'),
(12167609, 'Dom Golt', '13837 Kensington Court', 100422, '1964-12-08', 'dgolt3c@nyu.edu', 'N8329'),
(12190130, 'Nathan Danaher', '09033 Mayfield Plaza', 666902, '1998-05-28', 'ndanaherk9@nbcnews.com', 'D7802'),
(12239508, 'Theodosia Epsley', '9 Upham Plaza', 443088, '1971-10-10', 'tepsleych@hhs.gov', 'V8182XA'),
(12270107, 'Valentine Postans', '900 Loomis Street', 807380, '1991-07-20', 'vpostansk@canalblog.com', 'S471XXA'),
(12301939, 'Roscoe Spivey', '3 Moland Crossing', 758500, '1972-11-03', 'rspiveyn7@foxnews.com', 'S90929D'),
(12307762, 'Rana Martineau', '58 Acker Point', 173235, '1990-04-14', 'rmartineauny@multiply.com', 'M619'),
(12362105, 'Jodie Whalley', '63 Burning Wood Drive', 899196, '1962-11-25', 'jwhalley8o@howstuffworks.com', 'W174XXA'),
(12379420, 'Robby Rosel', '90749 Nelson Crossing', 749023, '2013-01-14', 'rroselb3@list-manage.com', 'E8982'),
(12614311, 'Ninette Dragonette', '20584 Hooker Park', 369298, '1959-06-27', 'ndragonettebp@yellowbook.com', 'S51831D'),
(12806820, 'Sanson Chipps', '53 Pond Road', 224559, '1967-11-09', 'schippsm7@ovh.net', 'S32476K'),
(12820732, 'Hakeem Martina', '45 Rusk Street', 101698, '2003-06-26', 'hmartinab2@qq.com', 'O368290'),
(12839717, 'Parrnell Shakesbye', '341 Blaine Park', 385541, '2009-08-03', 'pshakesbyejw@seattletimes.com', 'P0229'),
(13079481, 'Murial Towell', '04365 Lakewood Street', 750624, '1963-07-07', 'mtowellqo@opera.com', 'V474XXA'),
(13212172, 'Bradney Fauning', '5 Sage Circle', 975987, '2011-01-10', 'bfauning59@studiopress.com', 'S96999D'),
(13348615, 'Tades Panting', '219 Hoard Place', 625363, '1958-05-11', 'tpantingek@scribd.com', 'S62651K'),
(13391696, 'Donnajean Tolcher', '96322 Talisman Trail', 780899, '1995-07-23', 'dtolcherqi@zimbio.com', 'S7226XM'),
(13461256, 'Odetta Cardwell', '5 Gateway Park', 759816, '2011-06-23', 'ocardwellgz@princeton.edu', 'T524X4S'),
(13509978, 'Brodie Courtonne', '286 Gateway Center', 770249, '2005-10-23', 'bcourtonnepi@nps.gov', 'S82425K'),
(13535940, 'Nelie Powder', '697 Glendale Plaza', 690357, '1962-08-22', 'npowder67@cbsnews.com', 'Y37390A'),
(13689300, 'Morgen Domaschke', '00 Ronald Regan Crossing', 443095, '1962-08-07', 'mdomaschke18@domainmarket.com', 'N938'),
(13855988, 'Rockwell Rawcliffe', '85259 Northview Drive', 963722, '2002-07-03', 'rrawcliffeeq@hostgator.com', 'S50871A'),
(13927222, 'Abba Henbury', '25538 Carberry Parkway', 327751, '2004-03-12', 'ahenbury5l@cam.ac.uk', 'S93503D'),
(13955850, 'Luciana Langforth', '12 Del Mar Center', 680481, '1969-06-22', 'llangforthh7@imageshack.us', 'V539XXD'),
(13978626, 'Shawna Haugg', '24348 Scofield Street', 284172, '1976-12-05', 'shaugga1@samsung.com', 'T654X2'),
(14111507, 'Bonnee Duckitt', '7 Merry Court', 551981, '1998-07-30', 'bduckitt5@time.com', 'Q6621'),
(14231437, 'Tamar Stedell', '57992 Parkside Junction', 240183, '1953-10-01', 'tstedell77@theatlantic.com', 'S76221S'),
(14322155, 'Jed Urien', '1 Bluejay Court', 939052, '1990-05-26', 'juriendc@webnode.com', 'V609'),
(14403589, 'Saxe Snasdell', '6 Grayhawk Alley', 219364, '2013-06-28', 'ssnasdellay@geocities.com', 'V403XXS'),
(14441272, 'Terence Perassi', '8 Canary Point', 716045, '1993-04-24', 'tperassia8@goo.ne.jp', 'B369'),
(14524807, 'Jasmina Chrystie', '1029 Namekagon Point', 343584, '1970-04-14', 'jchrystieqg@illinois.edu', 'S52232M'),
(14683730, 'Debra Wallhead', '7878 Upham Alley', 135511, '1985-09-15', 'dwallheadgi@w3.org', 'S62136A'),
(14942066, 'Les Vedenyapin', '8 Pond Pass', 152646, '1974-11-22', 'lvedenyapin2h@bigcartel.com', 'S0211CS'),
(14947568, 'Guglielma Mullins', '9 Bonner Alley', 466109, '1993-04-19', 'gmullinsq@nationalgeographic.com', 'O75'),
(14999290, 'Arlinda Gunny', '4 Anderson Junction', 693599, '1964-10-15', 'agunny1n@sogou.com', 'M25673'),
(15121689, 'Giovanni Mucklestone', '0 West Junction', 446261, '1987-09-17', 'gmucklestoneht@trellian.com', 'M0014'),
(15277722, 'Babbette Emsden', '55195 Bay Park', 398813, '1978-03-31', 'bemsdenfi@omniture.com', 'L711'),
(15299148, 'Arabella MacGee', '71299 Judy Avenue', 134003, '1984-07-10', 'amacgeehv@yelp.com', 'R48'),
(15407485, 'Desiri Haddleton', '2 Truax Terrace', 859750, '1985-03-14', 'dhaddletonor@webs.com', 'L496'),
(15540035, 'Jorey Tilzey', '82 American Ash Park', 645616, '1972-07-06', 'jtilzeya4@marketwatch.com', 'S82142A'),
(15745289, 'Scarlet Cosley', '37126 Anderson Parkway', 726888, '1978-09-19', 'scosleydf@omniture.com', 'V9086XS'),
(15758779, 'Forster Reynold', '8054 Tomscot Avenue', 122116, '2002-02-20', 'freynold52@google.pl', 'S4104'),
(15832796, 'Fredek Eastam', '445 7th Point', 692188, '1964-04-05', 'feastam3z@mysql.com', 'S0562XS'),
(16014591, 'Arlan Cochet', '534 Elgar Court', 402512, '1990-01-14', 'acochet2r@webs.com', 'S52031P'),
(16363225, 'Marshall Chattelaine', '0 Clyde Gallagher Plaza', 529547, '1960-06-26', 'mchattelainedy@marketwatch.com', 'L30'),
(16459844, 'Devora Jeandin', '3 Esch Crossing', 974694, '1974-07-08', 'djeandingm@ebay.com', 'T639'),
(16532715, 'Atlante McClenaghan', '0757 Bayside Court', 803696, '1983-03-03', 'amcclenaghan6k@aol.com', 'T48292A'),
(16768281, 'Pierre Kliement', '60645 North Drive', 561311, '2005-04-30', 'pkliement8f@unesco.org', 'S72444J'),
(16791557, 'Trever Jansie', '6875 Loftsgordon Center', 953347, '1983-02-10', 'tjansie2l@vk.com', 'M9711XA'),
(16955508, 'Britteny Girardini', '00 Shasta Trail', 592049, '1967-04-05', 'bgirardinij9@taobao.com', 'Y31XXXD'),
(16997656, 'Riordan Leman', '96448 Tennessee Point', 743421, '1981-12-10', 'rlemang1@exblog.jp', 'D4862'),
(17106385, 'Son Trappe', '091 Hollow Ridge Center', 117256, '1970-01-01', 'strappeiq@hatena.ne.jp', 'Q922'),
(17117221, 'Aurie Docker', '50921 Hallows Place', 306810, '1974-09-23', 'adockercn@sphinn.com', 'S31619S'),
(17199826, 'Prentice Eldred', '1080 Crowley Center', 718693, '2003-08-01', 'peldred7x@bloglines.com', 'C8117'),
(17230468, 'Maury Shreve', '223 Lakeland Alley', 309377, '1967-02-03', 'mshreven8@sciencedirect.com', 'M1182'),
(17263837, 'Marrissa Cholwell', '23 Artisan Alley', 621908, '1954-09-22', 'mcholwell4m@usa.gov', 'S0153'),
(17514125, 'Nancey Craney', '8484 Kennedy Lane', 771355, '1968-07-28', 'ncraneylw@telegraph.co.uk', 'T22449'),
(17530915, 'Sorcha Du Hamel', '30 Grover Center', 862248, '1975-11-02', 'sdukt@apache.org', 'M510'),
(17647048, 'Mufinella Niccolls', '15 Hazelcrest Lane', 103438, '1971-01-01', 'mniccollsls@archive.org', 'S32442S'),
(17718643, 'Christel Klebes', '4418 Schlimgen Place', 823896, '1958-02-04', 'cklebesrl@macromedia.com', 'M9952'),
(17853255, 'Allison Stannett', '2031 Twin Pines Junction', 807880, '1961-12-14', 'astannettbu@tripod.com', 'S90821D'),
(17920157, 'Eddy Dominighi', '750 American Ash Road', 539448, '1951-05-26', 'edominighi76@timesonline.co.uk', 'E093521'),
(18113168, 'Erhard Dailey', '663 Lukken Lane', 139444, '1983-11-23', 'edaileylr@boston.com', 'V765XXD'),
(18165590, 'Marion Lillie', '5 Kenwood Park', 148920, '1979-08-08', 'mlillie6g@amazon.de', 'S82115P'),
(18247412, 'Emerson Fedder', '8468 Heath Avenue', 345020, '1992-05-18', 'efedder1x@europa.eu', 'S72414A'),
(18313164, 'Maryjo Krysiak', '1 Anderson Pass', 606790, '1977-04-14', 'mkrysiakbt@cbslocal.com', 'E133411'),
(18391228, 'Trever Osborn', '8251 Sachtjen Plaza', 124630, '1988-05-20', 'tosbornb5@cbsnews.com', 'Y35302'),
(18469530, 'Kirk Pankettman', '0111 Dahle Alley', 199053, '2012-03-17', 'kpankettmanet@cdc.gov', 'S60414'),
(18639017, 'Allister Dukes', '5911 Springview Place', 952949, '1971-11-15', 'adukesg0@army.mil', 'T415X5A'),
(18865021, 'Aloise Sallinger', '22548 Emmet Parkway', 741216, '1988-03-14', 'asallinger4p@virginia.edu', 'M6796'),
(19147143, 'Dave Tewnion', '6 Gina Point', 287787, '1974-11-10', 'dtewnionj5@microsoft.com', 'S02672G'),
(19165145, 'Frances Kach', '914 Harbort Junction', 143656, '1949-06-12', 'fkachq4@cocolog-nifty.com', 'I130'),
(19214684, 'Juliette Mulholland', '62 Dottie Avenue', 316287, '1963-09-06', 'jmulhollandco@weebly.com', 'M963'),
(19234407, 'Bennett Caudrelier', '9013 Morrow Point', 970958, '1994-03-14', 'bcaudreliercg@dmoz.org', 'T3462XS'),
(19353032, 'Calli Constant', '552 Waxwing Junction', 679934, '1956-08-31', 'cconstantqp@nytimes.com', 'T503X6A'),
(19355023, 'Jehu Danielovitch', '068 Shoshone Terrace', 437859, '1950-12-22', 'jdanielovitchko@buzzfeed.com', 'T41206A'),
(19612223, 'Roanna Lardiner', '3609 Anzinger Avenue', 722498, '1965-06-05', 'rlardinerhe@economist.com', 'H47649'),
(19848857, 'Willabella Domanski', '376 Northview Street', 753000, '1973-06-25', 'wdomanskicr@businessinsider.com', 'S83419S'),
(19887999, 'Jody Neller', '08531 Judy Plaza', 990557, '1965-05-28', 'jnellerfs@mashable.com', 'S1181XD'),
(19894933, 'Martin Bendan', '26 Darwin Park', 299647, '2005-10-18', 'mbendanhh@livejournal.com', 'S82099Q'),
(19927215, 'Isadora Prenty', '0 Pleasure Trail', 924750, '1979-09-25', 'iprentyl7@seesaa.net', 'S62365'),
(19974407, 'Kinny Tomaini', '27929 Raven Road', 505068, '1963-08-19', 'ktomaini7z@google.de', 'S1087XD'),
(20030821, 'Noah Melloi', '74 Bunting Center', 907813, '1962-11-04', 'nmelloiag@pagesperso-orange.fr', 'V9030XS'),
(20053392, 'Lianne Dutnell', '4373 Lyons Junction', 934286, '1971-11-15', 'ldutnellr7@vistaprint.com', 'D72823'),
(20103489, 'Phillis Leggatt', '3746 Coleman Plaza', 926383, '1969-12-14', 'pleggattoj@histats.com', 'T23369S'),
(20200023, 'Lucina Chimes', '5 Boyd Street', 844052, '1966-08-08', 'lchimes8n@dailymotion.com', 'O10113'),
(20410707, 'Yoshiko Fidal', '47412 Katie Drive', 534944, '1961-05-18', 'yfidal2g@yelp.com', 'E0590'),
(20422780, 'Hamil McMurdo', '52591 Blue Bill Park Trail', 878904, '1991-12-24', 'hmcmurdodp@accuweather.com', 'S92045G'),
(20449585, 'Kara-lynn Cragoe', '2315 Summerview Junction', 915590, '1949-09-21', 'kcragoe93@ted.com', 'V9310XS'),
(20488559, 'Bil Arrault', '2 North Point', 974440, '2008-03-17', 'barraultf@godaddy.com', 'O30122'),
(20497905, 'Phelia Dowse', '8565 Melrose Trail', 237103, '2010-10-13', 'pdowse8q@opensource.org', 'S63691S'),
(20659750, 'Ashlee Markson', '1104 Veith Junction', 531364, '2006-05-25', 'amarkson6r@amazon.co.uk', 'H663X'),
(20735705, 'Burke Pauletto', '2151 Spaight Pass', 998446, '1965-07-15', 'bpaulettobl@mapy.cz', 'C70'),
(20814055, 'Karlene Brodeur', '74 Carey Alley', 842758, '2009-01-04', 'kbrodeureh@ucoz.ru', 'Y3690'),
(20872279, 'Patsy Burchfield', '46115 Donald Parkway', 513892, '1964-03-12', 'pburchfieldrf@nationalgeographic.com', 'S6351'),
(20896085, 'Fayina Tiuit', '9526 Acker Place', 242507, '1985-04-18', 'ftiuitmc@sfgate.com', 'L03022'),
(20929867, 'Monique Giacomo', '03879 Golf Park', 126347, '2011-09-18', 'mgiacomorb@wikipedia.org', 'I70245'),
(21006226, 'Geneva Poulgreen', '94800 School Street', 856358, '1958-02-22', 'gpoulgreeno@mozilla.com', 'T23071'),
(21166963, 'Tawnya MacKee', '0 Bay Terrace', 488273, '1968-09-15', 'tmackeel@pagesperso-orange.fr', 'T85628'),
(21191627, 'Brande Crampsy', '91900 Butternut Crossing', 650923, '1995-07-14', 'bcrampsyiz@engadget.com', 'H81392'),
(21506941, 'Netti Doull', '58 Northview Hill', 355971, '1963-04-24', 'ndoull9c@ox.ac.uk', 'T38905S'),
(21609768, 'Boonie Howey', '2880 Havey Point', 574012, '1958-05-10', 'bhoweyqn@linkedin.com', 'E668'),
(21693942, 'Olly Glennon', '01618 Old Shore Court', 442964, '1979-08-20', 'oglennon7i@netlog.com', 'S82043N'),
(21728134, 'Helenelizabeth Acton', '28 Crest Line Terrace', 407752, '1960-11-13', 'hactonbo@nymag.com', 'T6345'),
(21756845, 'Antonella Plunkett', '0 Hoepker Street', 388978, '1977-09-29', 'aplunkette2@admin.ch', 'S92491P'),
(21799413, 'Doreen Santer', '29 Thackeray Hill', 195621, '2007-04-08', 'dsanterdo@lycos.com', 'S63405'),
(21931704, 'Adore Arendsen', '361 Hagan Park', 910822, '2013-09-02', 'aarendseni6@xinhuanet.com', 'S43391D'),
(21968061, 'Reg Tomczak', '91 Hanover Circle', 558038, '1985-11-13', 'rtomczak11@nasa.gov', 'W16121A'),
(21974535, 'Lillis Vischi', '0644 Pepper Wood Circle', 938633, '1999-06-01', 'lvischibr@desdev.cn', 'S372'),
(22062764, 'Clovis Liddle', '39 Golf Course Junction', 133313, '1968-08-02', 'cliddleot@pinterest.com', 'S83012D'),
(22249384, 'Aurelea MacSharry', '8314 Sutherland Crossing', 475464, '1980-08-22', 'amacsharryfb@indiegogo.com', 'X828XXD'),
(22249639, 'Malchy Bastian', '5 Cordelia Center', 184702, '1953-11-11', 'mbastiand1@shareasale.com', 'M23209'),
(22289017, 'Con Balassa', '96 Dryden Park', 723470, '1966-03-05', 'cbalassalu@friendfeed.com', 'V4301XS'),
(22311591, 'Collete Letson', '39874 Boyd Park', 514314, '1962-11-03', 'cletsonj1@si.edu', 'M06829'),
(22341051, 'Else Shadfourth', '6 Spohn Lane', 242323, '1983-05-30', 'eshadfourthjy@ow.ly', 'S62326P'),
(22391994, 'Walsh Kivits', '7 Eliot Terrace', 651270, '2009-08-13', 'wkivits60@cyberchimps.com', 'Z3864'),
(22415477, 'Chalmers Yearn', '147 Ridgeview Drive', 447494, '1956-04-24', 'cyearn3d@g.co', 'Y383X3D'),
(22431842, 'Geoffry MacAdam', '0473 Union Plaza', 919939, '1957-08-26', 'gmacadam9j@stumbleupon.com', 'S63615'),
(22892746, 'Priscella Nisuis', '2 Mayer Pass', 921999, '1977-12-03', 'pnisuisqb@webmd.com', 'A5149'),
(23022176, 'Gordon Keling', '30 Oak Terrace', 163443, '1990-01-27', 'gkelingms@washingtonpost.com', 'S82124R'),
(23170129, 'Chiquita Blanking', '0021 Forest Run Terrace', 998446, '1988-07-14', 'cblanking74@hugedomains.com', 'M66339'),
(23170315, 'Guglielma O\' Scallan', '12 Basil Lane', 439825, '1983-12-01', 'gom@woothemes.com', 'T518'),
(23191762, 'Allianora Pipworth', '476 Lyons Plaza', 149761, '1961-02-08', 'apipworthj@marketwatch.com', 'M7742'),
(23193157, 'Erma Weekland', '70604 American Terrace', 398998, '1979-03-13', 'eweekland19@blog.com', 'T565X3S'),
(23417843, 'Marybeth Haston', '733 Mallard Lane', 413380, '1998-11-12', 'mhastonfv@cpanel.net', 'S53114D'),
(23467105, 'Marita Dorber', '0 Transport Parkway', 694721, '1954-01-05', 'mdorberc6@mozilla.org', 'T448X2S'),
(23530777, 'Nance Ellerker', '7024 Meadow Vale Junction', 963647, '1977-12-27', 'nellerker17@uol.com.br', 'S65809D'),
(23572083, 'Dania Forryan', '1 Holy Cross Drive', 849529, '1950-01-19', 'dforryann@nature.com', 'T20211D'),
(23730503, 'Son Pedroli', '7 Westerfield Alley', 253732, '1986-01-16', 'spedrolia6@rakuten.co.jp', 'S72423H'),
(23731700, 'Birgit Palethorpe', '555 Dahle Point', 276207, '1954-12-01', 'bpalethorpe2p@blogger.com', 'K91872'),
(23770124, 'Juana Bertome', '2 Utah Alley', 951939, '1955-10-02', 'jbertomed7@live.com', 'S40859D'),
(23916513, 'Millard Pods', '248 Daystar Hill', 908705, '2000-11-13', 'mpods1l@mac.com', 'T63321D'),
(23942191, 'Doti Plues', '35 Lillian Circle', 294570, '2002-10-03', 'dpluesme@cornell.edu', 'S71131A'),
(24002060, 'Marcile Cattini', '2823 Knutson Junction', 426184, '1968-03-04', 'mcattinie3@ovh.net', 'S63134A'),
(24196630, 'Mallory Easterby', '578 Carey Place', 128508, '2008-01-11', 'measterbyia@slideshare.net', 'S72019Q'),
(24321303, 'Natalina Tarbath', '711 Hansons Plaza', 783397, '1988-02-12', 'ntarbathr6@ft.com', 'T23342S'),
(24393591, 'Matthus Gimenez', '8 Fieldstone Crossing', 249902, '1951-12-13', 'mgimenez22@pcworld.com', 'S90842'),
(24652257, 'Kimberlyn Townby', '915 Park Meadow Street', 105678, '1962-12-30', 'ktownbyau@quantcast.com', 'L688'),
(25029596, 'Dannie Cobson', '3459 Springs Parkway', 881273, '2006-10-20', 'dcobsonpp@free.fr', 'S7400'),
(25187707, 'Galvin Soule', '29 David Point', 753677, '2007-04-20', 'gsoule34@marketwatch.com', 'S76301A'),
(25341515, 'Leonelle Kilborn', '5940 Kedzie Junction', 219337, '2013-04-11', 'lkilbornng@163.com', 'S72043F'),
(25345062, 'Sarena Bohler', '7 Independence Street', 722203, '1950-02-25', 'sbohler14@upenn.edu', 'S27302'),
(25786916, 'Tiena Paal', '4337 Cottonwood Circle', 596500, '1964-02-27', 'tpaal7m@army.mil', 'I482'),
(25891984, 'Claudia Fairy', '36866 Shelley Place', 667292, '1988-01-11', 'cfairylg@mit.edu', 'S85392S'),
(25991519, 'Merle Featherbie', '9 Kensington Drive', 102744, '1987-03-17', 'mfeatherbie49@sitemeter.com', 'S01541A'),
(26255616, 'Donnajean Went', '2 Amoth Court', 105939, '1965-04-01', 'dwentds@berkeley.edu', 'S63401'),
(26486923, 'Odie Lindemann', '31818 Lawn Center', 328878, '1953-11-01', 'olindemannkn@china.com.cn', 'S43214'),
(26555369, 'Merralee Doblin', '9832 Monterey Lane', 380817, '2007-03-01', 'mdoblinp@hud.gov', 'H16133'),
(26640240, 'Odette Duxbury', '70137 Scofield Lane', 602317, '1957-10-29', 'oduxburykq@indiatimes.com', 'Y37511'),
(26699651, 'Gerry Lauthian', '7 Golden Leaf Street', 453932, '2000-09-17', 'glauthian5j@columbia.edu', 'V888XXA'),
(26954724, 'Ingrid Peasgood', '5 Westerfield Parkway', 697321, '2000-06-27', 'ipeasgoodee@hhs.gov', 'H3343'),
(27019989, 'Murdoch Downe', '5 Pond Center', 706502, '1978-03-18', 'mdownegh@nbcnews.com', 'S72309D'),
(27074668, 'Else Elfe', '98 Kedzie Court', 552240, '1988-07-03', 'eelfein@topsy.com', 'S61230S'),
(27100133, 'Norina Kissack', '207 Bellgrove Drive', 955916, '1976-05-21', 'nkissackr9@nasa.gov', 'I7074'),
(27154827, 'Claudine Gibke', '265 Scoville Parkway', 830505, '2000-05-08', 'cgibke7b@sciencedirect.com', 'S92321G'),
(27165091, 'Harwell Dudman', '756 Arizona Pass', 373671, '2001-05-04', 'hdudman5u@forbes.com', 'S35212D'),
(27279263, 'Alena Gurnell', '5107 Macpherson Road', 370476, '2004-12-26', 'agurnellkr@dedecms.com', 'M2032'),
(27552598, 'Gregorio Eplate', '5508 Paget Crossing', 940031, '2003-07-03', 'geplatemp@forbes.com', 'T628X3A'),
(27642917, 'Nichole Luno', '94832 Badeau Junction', 317468, '1963-11-15', 'nlunopv@yale.edu', 'Y38811D'),
(27644511, 'Muhammad Kettles', '6 Eagle Crest Lane', 264410, '2002-12-07', 'mkettles5m@google.fr', 'H608X2'),
(27800769, 'Willetta Mooney', '106 Longview Avenue', 451006, '1972-06-26', 'wmooneyfc@discuz.net', 'T434X6'),
(27858900, 'Garreth Judge', '642 Lyons Place', 391682, '1978-12-14', 'gjudgemz@simplemachines.org', 'M6243'),
(27965320, 'Charin Crotty', '8637 Porter Alley', 661944, '1955-09-22', 'ccrottymu@samsung.com', 'S60450S'),
(28022873, 'Leodora Flemming', '98 Columbus Center', 167740, '1993-01-30', 'lflemming2j@mapquest.com', 'V8651XD'),
(28050592, 'Ronnie Kolinsky', '90285 Westend Pass', 408754, '1997-07-18', 'rkolinsky9b@webs.com', 'S65202D'),
(28219145, 'Jaclin Bontine', '5 Springs Park', 572338, '1960-06-25', 'jbontine2o@wunderground.com', 'T45604D'),
(28275009, 'Hiram Dohmann', '5937 Westport Place', 368582, '2009-08-18', 'hdohmannki@seattletimes.com', 'T381X2'),
(28438127, 'Angil Boylin', '1778 Kings Trail', 992008, '1981-03-24', 'aboylinew@pbs.org', 'S32314'),
(28778069, 'Kathie Tratton', '588 Nancy Avenue', 318898, '2010-09-11', 'ktrattonkb@biblegateway.com', 'R7889'),
(28898834, 'Kathe Aizikovitch', '99067 Cottonwood Parkway', 872361, '1960-08-18', 'kaizikovitch5w@myspace.com', 'T495X2A'),
(28959370, 'Ofella Janczyk', '7046 Buhler Hill', 392704, '1983-07-14', 'ojanczykf7@google.es', 'T475X1A'),
(28980362, 'Rachel Matelaitis', '8367 Fordem Trail', 423593, '1982-08-11', 'rmatelaitishl@slashdot.org', 'S22019S'),
(29073875, 'Antoinette Dixey', '48 Burrows Point', 820819, '1963-03-11', 'adixeyjz@yahoo.co.jp', 'Z6829'),
(29226858, 'Osborn Speeks', '20704 Paget Trail', 151800, '1960-05-26', 'ospeekshf@microsoft.com', 'O337'),
(29328911, 'Dietrich Lindenbaum', '4826 Darwin Hill', 866371, '1975-02-13', 'dlindenbaum62@washingtonpost.com', 'S0110'),
(29486272, 'Erv Lougheid', '1968 Bellgrove Alley', 215422, '1982-11-10', 'elougheid1d@topsy.com', 'S32612K'),
(29542557, 'Selig Hallawell', '229 Laurel Park', 145683, '1997-03-13', 'shallawell25@infoseek.co.jp', 'S62235K'),
(29777919, 'Yasmeen Essam', '082 Esch Crossing', 671295, '1999-10-25', 'yessam6t@seattletimes.com', 'S32421B'),
(29891790, 'Janie McGairl', '6 Green Trail', 246871, '1997-07-27', 'jmcgairlar@xing.com', 'V169XXD'),
(30011147, 'Brnaby Chancelier', '338 Eastwood Circle', 859007, '1959-09-20', 'bchancelierhw@t.co', 'S62242A'),
(30159475, 'Camile Yves', '58377 Green Ridge Trail', 887354, '1949-02-15', 'cyvesl0@columbia.edu', 'S82235F'),
(30246381, 'Caye Sparkwell', '803 Lien Junction', 339068, '1978-04-05', 'csparkwellc5@paypal.com', 'S52242P'),
(30361397, 'Janean Corwood', '81715 Lakewood Gardens Circle', 659266, '1970-03-11', 'jcorwood56@accuweather.com', 'S52041G'),
(30381375, 'Vaclav Bellas', '82553 Aberg Way', 394663, '1961-03-11', 'vbellasdj@shareasale.com', 'T22431'),
(30430341, 'Bruis Fawcitt', '426 Loftsgordon Hill', 255199, '2012-06-06', 'bfawcittim@biblegateway.com', 'I82813'),
(30444744, 'Grannie Tabor', '35 Bluejay Street', 185785, '1982-12-05', 'gtabor2s@wordpress.org', 'S62637P'),
(30902857, 'Linea Sellor', '6 Bellgrove Parkway', 819029, '1994-05-08', 'lsellorf2@zdnet.com', 'S99142G'),
(31016792, 'Marvin Rembaud', '77710 Elmside Plaza', 687737, '1971-06-17', 'mrembaud31@cmu.edu', 'T403X5A'),
(31238275, 'Kamilah Zute', '19 Mallard Lane', 346897, '1985-06-22', 'kzuterd@liveinternet.ru', 'M05249'),
(31280798, 'Giralda Gerrie', '2935 Graedel Avenue', 242041, '1961-12-10', 'ggerrieii@ucoz.ru', 'D4122'),
(31326033, 'Kare Kobke', '46382 Blaine Park', 476737, '1976-07-17', 'kkobkej8@google.cn', 'M11829'),
(31630603, 'Elnar Newbegin', '72529 Myrtle Trail', 250885, '1962-01-04', 'enewbeginmb@i2i.jp', 'S70349A'),
(31652046, 'Harv Rame', '310 Oneill Hill', 496490, '2002-12-25', 'hramebc@tinypic.com', 'S21339'),
(31721322, 'Brook Volkes', '53804 Duke Hill', 218665, '2010-12-22', 'bvolkesho@hexun.com', 'S63042D'),
(31971725, 'Ferguson Noon', '7801 Gateway Avenue', 199969, '2008-06-01', 'fnoonod@ning.com', 'S82013H'),
(32079596, 'Hermina Dumini', '8 Dottie Avenue', 509945, '1952-09-07', 'hduminir5@hc360.com', 'I6629'),
(32295301, 'Tobe Challener', '4022 Grayhawk Alley', 789435, '1975-09-06', 'tchallenerr@123-reg.co.uk', 'T84199D'),
(32479552, 'Sascha Calvert', '5 Sheridan Junction', 470465, '1979-01-30', 'scalvertbh@slate.com', 'Q913'),
(32861022, 'Kalila Duck', '219 Southridge Plaza', 879298, '2006-04-21', 'kduck5n@state.gov', 'V9025XA'),
(32874167, 'Essie Rodenborch', '49075 Springs Lane', 627183, '1966-08-12', 'erodenborchh3@linkedin.com', 'T28911'),
(33029158, 'Blakelee Dearlove', '86629 Pleasure Road', 958870, '1976-06-14', 'bdearlovep8@networkadvertising.org', 'I6921'),
(33222127, 'Kali Nucator', '14253 Holy Cross Place', 961370, '1965-03-31', 'knucatorfm@upenn.edu', 'S21219A'),
(33451667, 'Rhetta Bassingham', '9 Annamark Plaza', 812194, '1970-07-15', 'rbassinghamac@yellowpages.com', 'H18321'),
(33456426, 'Pietro Auckland', '60 Grim Junction', 362481, '1983-09-15', 'paucklandce@technorati.com', 'S42361P'),
(33456681, 'Winne Cordle', '6080 Lindbergh Terrace', 129700, '2011-01-30', 'wcordle5q@e-recht24.de', 'S32476K'),
(33460037, 'Arin Hebblewhite', '69 Florence Lane', 450989, '1968-10-09', 'ahebblewhitenx@unicef.org', 'L910'),
(33499047, 'Vic Pennells', '88 Donald Circle', 983378, '1992-08-21', 'vpennellsld@mail.ru', 'T83113A'),
(33568433, 'Frans Oager', '974 Westerfield Pass', 384826, '1971-09-02', 'foager63@hp.com', 'S36250S'),
(33720967, 'Ive Raden', '4 Hagan Street', 972307, '2008-03-03', 'iradenir@chronoengine.com', 'S72135R'),
(33805843, 'Marissa Chatelain', '7978 Hazelcrest Hill', 549993, '1958-09-08', 'mchatelainfe@pagesperso-orange.fr', 'S59119A'),
(34037079, 'Teirtza Clifforth', '974 Calypso Place', 843372, '1971-09-07', 'tclifforth9g@redcross.org', 'M4727'),
(34196789, 'Edd Jacson', '8 Ryan Center', 110686, '1971-07-20', 'ejacsonqm@scribd.com', 'S35411D'),
(34283640, 'Elvis Lefeaver', '46 Westerfield Way', 107310, '1963-09-03', 'elefeavergf@wired.com', 'S32399'),
(34423163, 'Hyacinthia Petri', '26 6th Terrace', 839426, '1984-05-04', 'hpetripf@linkedin.com', 'T2054XA'),
(34669630, 'Orelle Spittle', '5202 Messerschmidt Pass', 825379, '1991-02-11', 'ospittleqf@yellowbook.com', 'V2909XS'),
(34672686, 'Allie O\'Dowd', '16 Esker Alley', 906657, '1994-11-06', 'aodowdph@t-online.de', 'T592X3'),
(34732771, 'Atlante Calderwood', '70 Service Crossing', 995550, '1949-02-18', 'acalderwoodfy@list-manage.com', 'S60511'),
(34733339, 'Mayne Kraut', '68 Cordelia Alley', 532558, '2005-10-21', 'mkraute5@google.co.jp', 'F4002'),
(34764083, 'Roselia Borrowman', '53099 Roxbury Pass', 457432, '1986-02-13', 'rborrowman4a@skyrock.com', 'S9600'),
(34837278, 'Noelani Batistelli', '54865 Dunning Junction', 989057, '2001-06-17', 'nbatistellilh@blog.com', 'S82142F'),
(34858691, 'Greta Kyttor', '3 Fremont Crossing', 237058, '1966-01-15', 'gkyttor39@arizona.edu', 'Z5333'),
(34918309, 'Toiboid Dolbey', '9 Bluejay Parkway', 766294, '1972-12-14', 'tdolbeyih@techcrunch.com', 'S062X6S'),
(34997810, 'Mic Mewrcik', '322 4th Drive', 318929, '2001-11-25', 'mmewrcikij@sakura.ne.jp', 'S8255XS'),
(35205103, 'Kahaleel de Werk', '99632 Pond Center', 518046, '2012-05-06', 'kde4z@slate.com', 'S91101D'),
(35270801, 'Jilly Elcock', '77594 Portage Circle', 552867, '2009-06-30', 'jelcockkc@theatlantic.com', 'S56428D'),
(35490584, 'Sandi Paulack', '9 Morning Park', 459930, '1985-12-02', 'spaulackji@bbc.co.uk', 'V9543'),
(35618697, 'Cassi Torres', '22 Oxford Lane', 972988, '2002-11-15', 'ctorres16@clickbank.net', 'M420'),
(35660187, 'Delmor Ivanusyev', '5 Brentwood Center', 865122, '2007-08-03', 'divanusyeva5@g.co', 'O890'),
(35693667, 'Kirby Dudman', '22682 Southridge Road', 940321, '2006-09-23', 'kdudmanbe@360.cn', 'M84521G'),
(35705157, 'Wally Sarjeant', '7 Corben Place', 484705, '1960-09-13', 'wsarjeanteg@newyorker.com', 'S93146S'),
(35710256, 'Dasya Renzini', '7655 Russell Terrace', 789416, '1981-02-19', 'drenzini2t@cnbc.com', 'S52182G'),
(35946804, 'Austin Ker', '7878 Del Sol Park', 364765, '1973-03-19', 'akergx@squarespace.com', 'R57'),
(35965259, 'Daphna Josefer', '4 John Wall Circle', 908072, '2000-11-27', 'djosefer2@princeton.edu', 'M02162'),
(35973263, 'Benedicta Islip', '795 Carey Pass', 384884, '1952-08-27', 'bislipkj@github.com', 'H7130'),
(36275766, 'Mame Geall', '949 Evergreen Center', 960410, '1979-04-15', 'mgeallv@yandex.ru', 'M06022'),
(36300225, 'Eulalie Remmers', '550 Dwight Junction', 583632, '1953-03-26', 'eremmerskz@yale.edu', 'T450X6A'),
(36394996, 'Malynda Milmore', '1 Vahlen Street', 603659, '1986-06-14', 'mmilmorefh@linkedin.com', 'S46109A'),
(36453229, 'Chrysa Cherry Holme', '39 Vahlen Pass', 551773, '1958-02-26', 'ccherrycb@mashable.com', 'S3669XA'),
(36523206, 'Layton McGenis', '50324 Lerdahl Place', 696910, '1963-10-30', 'lmcgenis53@netlog.com', 'S43121A'),
(36558073, 'Alon Maxwaile', '22 Leroy Circle', 634286, '2002-08-25', 'amaxwailelt@de.vu', 'T25612S'),
(36625560, 'Alvy Klasen', '3228 Beilfuss Parkway', 431627, '1957-10-15', 'aklasenqv@ft.com', 'T84033'),
(36656464, 'Aarika Slayny', '4 Jay Hill', 851903, '2005-06-08', 'aslaynylx@fotki.com', 'S82099K'),
(36722091, 'Laina Tytcomb', '71264 Troy Alley', 126415, '2004-04-15', 'ltytcomb45@businesswire.com', 'S41039S'),
(36865689, 'Virgie Girsch', '40481 Lighthouse Bay Court', 436599, '1964-07-29', 'vgirscho4@scribd.com', 'M1630'),
(36886444, 'Augustin Karpmann', '220 Knutson Crossing', 565973, '1976-12-02', 'akarpmannhq@msu.edu', 'S52562G'),
(36890563, 'Kissie Sweatman', '028 Maple Avenue', 215305, '1977-12-26', 'ksweatmanoy@surveymonkey.com', 'M2763'),
(36899127, 'Georgie Llewellin', '3792 Morning Crossing', 147441, '1953-03-09', 'gllewellino1@msu.edu', 'T8309'),
(36942942, 'Jeanelle Matthiesen', '90 Merry Point', 510935, '1992-11-16', 'jmatthiesen64@acquirethisname.com', 'S92122G'),
(36996207, 'Harvey Walls', '3 Westerfield Lane', 262402, '2008-05-13', 'hwalls6q@mozilla.org', 'T460X5'),
(37020226, 'Ginger Habin', '10977 Mayer Trail', 529981, '1964-11-21', 'ghabin73@sakura.ne.jp', 'E079'),
(37103435, 'Edik Marxsen', '129 Mallory Park', 523865, '2013-02-28', 'emarxsen6d@gmpg.org', 'S82255F'),
(37158133, 'Irina Crips', '685 Milwaukee Pass', 619246, '1957-05-18', 'icripsov@skyrock.com', 'S30851A'),
(37162124, 'Abigael Kenealy', '172 Northwestern Drive', 115095, '1960-04-10', 'akenealyr3@diigo.com', 'S32601D'),
(37171222, 'Laryssa Sumbler', '7026 Gerald Lane', 194115, '1955-02-09', 'lsumbler9v@issuu.com', 'H5011'),
(37179861, 'Idell McConnal', '53 Longview Avenue', 549669, '2003-03-20', 'imcconnalf6@yandex.ru', 'S6121'),
(37264776, 'Moise Vasyunichev', '53893 Miller Drive', 512075, '1968-09-12', 'mvasyunichev6i@123-reg.co.uk', 'S89019S'),
(37326831, 'Noelyn Whilde', '81594 Ilene Crossing', 197100, '1956-08-20', 'nwhildemv@seesaa.net', 'M90869'),
(37441881, 'Alexandro Pollastro', '80 Russell Center', 262152, '1999-07-27', 'apollastroiw@google.ca', 'S63431D'),
(37453438, 'Tanner Soares', '9204 Blackbird Parkway', 888612, '1988-12-28', 'tsoares0@oaic.gov.au', 'S12001D'),
(37595758, 'Dominique Pablos', '89 Shoshone Park', 670787, '1967-02-01', 'dpablosfx@shareasale.com', 'O468X'),
(37764217, 'Gabie Roels', '66397 Northridge Point', 660658, '1979-01-18', 'groelsfd@bing.com', 'S3413'),
(37765188, 'Meier Corrado', '533 Springview Avenue', 768493, '1989-04-09', 'mcorradogb@barnesandnoble.com', 'T421X1S'),
(37998727, 'Stanislas Bendin', '31 Ryan Parkway', 534195, '2006-06-21', 'sbendinlf@admin.ch', 'X36'),
(38015304, 'Garreth Sille', '1116 Luster Terrace', 618669, '2001-06-05', 'gsillen0@slashdot.org', 'V8672XS'),
(38019233, 'Gerik Wicklin', '8 Dovetail Plaza', 207913, '2004-05-13', 'gwicklin5t@fda.gov', 'M80042S'),
(38229818, 'Vanya Attenbarrow', '2 Dawn Point', 145565, '1967-03-11', 'vattenbarrowd6@patch.com', 'S0104XD'),
(38284586, 'Ricky Honack', '28683 Farwell Junction', 722677, '1986-03-06', 'rhonack4f@storify.com', 'V9324XD'),
(38390110, 'Amalee Birts', '3244 Washington Center', 172051, '1956-11-08', 'abirtsf8@dagondesign.com', 'S63297A'),
(38453799, 'Malinde Shrimpton', '848 Main Street', 695134, '1949-04-08', 'mshrimpton51@craigslist.org', 'S42493A'),
(38648009, 'Earlie Vials', '7 Glacier Hill Crossing', 561563, '1982-02-13', 'evialsp0@altervista.org', 'S53125'),
(38649972, 'Yolanda But', '7083 Westridge Alley', 567841, '1981-05-18', 'ybutq8@imgur.com', 'O8613'),
(38650773, 'Brnaby Kisby', '796 Gina Way', 710932, '1975-02-03', 'bkisbypb@eventbrite.com', 'S53195A'),
(38695904, 'Brandice Bowell', '951 Division Way', 240404, '1990-08-07', 'bbowellky@npr.org', 'S42412B'),
(38769019, 'Pam Mougin', '89646 Bunker Hill Hill', 109432, '1957-11-06', 'pmougin55@microsoft.com', 'S62254A'),
(38840862, 'Emile Andriveau', '9764 Meadow Vale Hill', 491999, '1960-06-07', 'eandriveaufu@posterous.com', 'O648'),
(38926596, 'Mohandas Dominighi', '29 Raven Trail', 667469, '2008-06-07', 'mdominighii3@thetimes.co.uk', 'S32699K'),
(38935263, 'Boyd Ucceli', '0968 Farwell Place', 371024, '1965-10-08', 'buccelio5@meetup.com', 'S61256S'),
(39000826, 'Corey Thomazet', '5 Orin Trail', 528298, '1989-05-26', 'cthomazet5z@myspace.com', 'S63283S'),
(39255070, 'Whitney Flicker', '193 Nevada Lane', 501210, '1951-05-28', 'wflickergr@kickstarter.com', 'S42411K'),
(39348776, 'Avrit Lazar', '41 Bartillon Point', 208889, '1955-02-26', 'alazarjj@techcrunch.com', 'V9221XA'),
(39382306, 'Flori Brockhurst', '86698 Corben Trail', 207985, '1950-03-14', 'fbrockhurst1q@newyorker.com', 'S4350'),
(39396926, 'Tatum Briat', '01 Bayside Terrace', 715886, '1984-04-15', 'tbriatg3@cam.ac.uk', 'M93002'),
(39457780, 'Larina Castelin', '23 Goodland Plaza', 358553, '1973-07-11', 'lcastelinon@senate.gov', 'S5421XS'),
(39596653, 'Scarlet Elia', '8 Merry Park', 463868, '1992-03-19', 'seliarc@symantec.com', 'T8519'),
(39600078, 'Dimitry Morrell', '15290 Arapahoe Parkway', 120559, '1970-12-04', 'dmorrellda@dmoz.org', 'O368219'),
(39720612, 'Correy Rochewell', '94414 Bowman Way', 472110, '2009-10-07', 'crochewellnk@psu.edu', 'S63104S'),
(39907463, 'Vinni Maidens', '6 Elgar Terrace', 791672, '1978-01-05', 'vmaidensmy@bloomberg.com', 'H16003'),
(39985018, 'Crissy Blind', '258 West Street', 535081, '1990-05-07', 'cblindjn@who.int', 'H401313'),
(40125774, 'Gris Sidden', '923 Florence Crossing', 560401, '1991-05-28', 'gsiddenpq@umich.edu', 'Q821'),
(40251598, 'Peg Rounding', '15481 Portage Point', 893422, '1989-07-28', 'proundingoq@icq.com', 'S32463D'),
(40263754, 'Sula Phillis', '69022 Northridge Junction', 666285, '1974-06-13', 'sphillise9@blinklist.com', 'T2172XS'),
(40389865, 'D\'arcy Grove', '02 Armistice Plaza', 589746, '1994-05-28', 'dgrove4h@xrea.com', 'V760'),
(40393881, 'Herman Candwell', '221 Jackson Trail', 911943, '1958-10-11', 'hcandwelles@cdc.gov', 'S32811B'),
(40441321, 'Pascale Capeling', '2333 Pleasure Park', 779414, '1984-11-29', 'pcapelinggn@europa.eu', 'S49022P'),
(40475850, 'Curcio Ferriman', '17 Superior Center', 450711, '2002-05-01', 'cferrimancp@hatena.ne.jp', 'R1915'),
(40563067, 'Danni Westwell', '00421 Sutherland Hill', 616915, '1985-10-21', 'dwestwellpu@edublogs.org', 'S72435'),
(40572321, 'Daron Antonognoli', '8164 Dennis Circle', 907638, '2013-07-21', 'dantonognolici@admin.ch', 'S96822'),
(40862053, 'Brigitte Dimbylow', '081 Hazelcrest Avenue', 168251, '1965-12-13', 'bdimbylowjc@patch.com', 'S75229S'),
(41292977, 'Shawna Ramm', '5932 Kinsman Place', 851620, '1978-12-07', 'srammhz@oaic.gov.au', 'M02372'),
(41383359, 'Silvain Capelle', '5 Hanson Drive', 979249, '1979-12-10', 'scapelleli@devhub.com', 'S82819'),
(41670865, 'Evvie Heinzel', '1267 Northfield Road', 139170, '1954-11-04', 'eheinzel3a@mail.ru', 'Q5564'),
(41687850, 'Gawain Bray', '107 Wayridge Street', 426693, '1958-09-07', 'gbrayfo@miitbeian.gov.cn', 'D812'),
(41707021, 'Nat Ladyman', '8376 Schurz Way', 605730, '1964-03-22', 'nladymank7@newyorker.com', 'R57'),
(41710256, 'Andras Varley', '38659 Rowland Way', 266349, '1965-02-17', 'avarleyox@ucoz.com', 'S30871S'),
(42010844, 'Astra Schonfeld', '6 Sloan Plaza', 485724, '1975-05-17', 'aschonfeldfa@utexas.edu', 'M71872'),
(42033516, 'Maddy Heakey', '1 Esker Center', 683719, '1993-12-07', 'mheakey5x@marriott.com', 'T39014'),
(42063236, 'Neel Reade', '98 Westridge Crossing', 352876, '1958-12-04', 'nreade9@reverbnation.com', 'K6812'),
(42271665, 'Robena Hambelton', '70 Roth Road', 755241, '1979-03-22', 'rhambeltondh@walmart.com', 'C118'),
(42311044, 'Berti Bearham', '46129 Leroy Junction', 820357, '1967-06-30', 'bbearham7e@patch.com', 'M6201'),
(42345832, 'Kristina Lowthorpe', '757 Crowley Drive', 616589, '1980-02-19', 'klowthorpe7u@storify.com', 'V586XXA'),
(42600575, 'Mariejeanne Sleany', '548 Barby Avenue', 347946, '2004-06-15', 'msleanyoe@webnode.com', 'O30099'),
(42706153, 'Gertruda Coddrington', '450 Pawling Junction', 162921, '1999-12-07', 'gcoddringtonfz@accuweather.com', 'T8169XA'),
(42711516, 'Nowell Aisman', '18 Oak Center', 209411, '1962-12-31', 'naisman44@bigcartel.com', 'H26003'),
(42807323, 'Udall Kunzler', '2319 Eggendart Place', 948866, '1960-12-26', 'ukunzler42@aboutads.info', 'S11032A'),
(43031605, 'Cazzie Van der Kruis', '46461 Lakewood Gardens Alley', 731645, '1970-12-30', 'cvan3t@comcast.net', 'M62419'),
(43105279, 'Josey Clapton', '3217 Truax Center', 182196, '1989-04-13', 'jclaptoncm@issuu.com', 'S89042D'),
(43157532, 'Cristine O\'Longain', '1 Fuller Circle', 302063, '2013-05-28', 'colongaingj@nasa.gov', 'S37409D'),
(43210387, 'Ara Achrameev', '42116 Blue Bill Park Park', 652207, '1990-06-09', 'aachrameevll@intel.com', 'O6640'),
(43276075, 'Garek Griss', '2 Lotheville Crossing', 641479, '1959-06-19', 'ggrissdt@odnoklassniki.ru', 'O2433'),
(43372770, 'Ruttger Mansell', '13959 Westport Crossing', 142286, '1981-11-29', 'rmansellw@mit.edu', 'T394X6A'),
(43402486, 'Farra Stansfield', '147 Anhalt Avenue', 918584, '2002-11-05', 'fstansfieldg7@cbslocal.com', 'E7521'),
(43449042, 'Gabe Banane', '255 Ramsey Lane', 555208, '1958-05-18', 'gbananex@yelp.com', 'R010'),
(43474326, 'Nadeen Kernan', '81 Golden Leaf Drive', 683433, '1962-06-19', 'nkernanex@cargocollective.com', 'S60859A'),
(43515920, 'Constantia Garrould', '90 Stoughton Parkway', 549734, '1958-09-16', 'cgarrould3v@java.com', 'S96891D'),
(43546971, 'Kerwin MacDavitt', '37 Acker Street', 254189, '1997-04-29', 'kmacdavittak@slate.com', 'S91249'),
(43564890, 'Rakel Duiguid', '691 Moland Parkway', 487199, '1970-03-19', 'rduiguiddm@bizjournals.com', 'O4432'),
(43583272, 'Abbott Grabb', '526 Onsgard Alley', 495288, '1973-10-24', 'agrabb20@msn.com', 'Y37211S'),
(43635637, 'Leyla MacGibbon', '0500 Lake View Road', 594275, '1993-09-24', 'lmacgibbonju@baidu.com', 'S42461A'),
(43660834, 'Kassi Martin', '74075 Summer Ridge Circle', 120401, '1976-01-10', 'kmartinlv@google.cn', 'S12150G'),
(43699581, 'Tades Antonignetti', '725 Village Center', 483070, '2004-03-19', 'tantonignetti7s@merriam-webster.com', 'S43221'),
(43913311, 'Niels Watman', '3732 Gina Place', 659505, '1950-06-28', 'nwatman58@psu.edu', 'C5032'),
(44058684, 'Edna Kleeborn', '62093 Miller Pass', 909167, '1987-12-07', 'ekleebornhu@prnewswire.com', 'N600'),
(44188322, 'Marilee Spriggen', '61009 Schmedeman Road', 825741, '1986-03-17', 'mspriggenna@japanpost.jp', 'C8354'),
(44197589, 'Sheffy Spurgin', '4 Annamark Alley', 719910, '1951-10-16', 'sspurgin27@exblog.jp', 'T23799A'),
(44275915, 'Brendin Sabbins', '178 Sunfield Crossing', 958363, '1954-11-23', 'bsabbinsn9@macromedia.com', 'S92426B'),
(44382667, 'Whitaker Leads', '0185 Swallow Plaza', 222408, '1965-09-10', 'wleadsde@spotify.com', 'F1819'),
(44401208, 'Clemmy Kall', '4 Fulton Drive', 210374, '2011-02-13', 'ckallp5@gmpg.org', 'T24499S'),
(44710449, 'Vale O\'Mohun', '10 Bultman Avenue', 165403, '1973-06-06', 'vomohunjd@businessinsider.com', 'T6591XA'),
(44753343, 'Bab Aulsford', '656 Maple Wood Terrace', 100288, '2005-10-05', 'baulsford7g@theglobeandmail.com', 'M4851XS'),
(44757198, 'Melanie Guillon', '98170 Delladonna Hill', 197892, '1969-09-14', 'mguillono0@icq.com', 'T22731S'),
(44977799, 'Ruthe Puddan', '9600 Toban Way', 507112, '1972-11-27', 'rpuddan90@cnet.com', 'S791'),
(45007252, 'Gradeigh Fruchon', '3152 Bluestem Hill', 938202, '2001-01-01', 'gfruchonop@mozilla.org', 'S72026G'),
(45020375, 'Braden Kewish', '152 Waubesa Street', 231680, '1989-05-31', 'bkewishrq@booking.com', 'H02119'),
(45177361, 'Paige Klimkowski', '2776 Bay Street', 958466, '1978-03-08', 'pklimkowskim6@live.com', 'T4596XS'),
(45223984, 'Madalyn MacAdie', '13 Aberg Crossing', 931402, '1969-11-15', 'mmacadie8y@wikia.com', 'S43226A'),
(45495205, 'Rabi Huyghe', '0879 Fairview Junction', 499616, '1996-11-02', 'rhuyghebg@so-net.ne.jp', 'S42331D'),
(45530894, 'Krisha Pareman', '2069 Beilfuss Lane', 408597, '1971-09-16', 'kpareman9s@gravatar.com', 'O641'),
(45691208, 'Galen Mullen', '50374 Manley Road', 650413, '1958-01-20', 'gmullenhy@quantcast.com', 'S065X1D'),
(45714558, 'Nessy Rowley', '585 Spenser Hill', 849507, '1999-10-04', 'nrowleyk0@smugmug.com', 'P0702');
INSERT INTO `patient` (`HealthCardNumber`, `PatientName`, `Address`, `PostalCode`, `DOB`, `EmailAddress`, `MedicalHistory`) VALUES
(45871179, 'Eugenie Dumphries', '84 Cottonwood Court', 230558, '1955-06-13', 'edumphriesne@issuu.com', 'A8181'),
(46001773, 'Courtney Mattes', '75 Little Fleur Circle', 489959, '1984-04-06', 'cmattes29@odnoklassniki.ru', 'S60460D'),
(46020106, 'Farrel Colliar', '92 Sunnyside Crossing', 299466, '2001-09-23', 'fcolliarh9@wikimedia.org', 'S85309'),
(46078372, 'Helen-elizabeth McCafferty', '87336 Fisk Junction', 993406, '1994-01-03', 'hmccafferty8g@amazon.co.uk', 'Z7981'),
(46169830, 'Kendricks Scrafton', '03 Declaration Court', 683685, '1992-02-07', 'kscraftonn2@google.it', 'T446X3A'),
(46181355, 'Kelbee Cassidy', '935 Park Meadow Trail', 287718, '1959-03-17', 'kcassidy6j@plala.or.jp', 'S0091XS'),
(46187918, 'Nerta Quoit', '291 Lunder Court', 759095, '1991-03-30', 'nquoit7f@google.ca', 'S1084XD'),
(46354514, 'Fin Scannell', '289 Stone Corner Circle', 462348, '2008-09-19', 'fscannell26@bloomberg.com', 'A673'),
(46370235, 'Nannie Arnout', '14905 Farmco Park', 795144, '1953-05-20', 'narnoute4@ezinearticles.com', 'Y3609'),
(46438703, 'Albertine Draysey', '4 Packers Way', 119668, '2006-10-18', 'adrayseygv@nifty.com', 'S43006S'),
(46565150, 'Kyla Pehrsson', '29205 Dawn Place', 726842, '1980-02-23', 'kpehrssonpe@microsoft.com', 'S63519S'),
(46649330, 'Levin Mirando', '253 Tony Avenue', 918476, '1980-10-17', 'lmirandolz@com.com', 'X003'),
(46945339, 'Sidnee Aleixo', '81851 Arkansas Hill', 583495, '1986-10-24', 'saleixoby@harvard.edu', 'H02013'),
(47044704, 'Lacy Clift', '680 Johnson Park', 179225, '1981-05-10', 'lclift9t@cisco.com', 'O88012'),
(47058623, 'Cally Prator', '38573 Dahle Pass', 759003, '1962-12-11', 'cpratorok@cam.ac.uk', 'I6200'),
(47127957, 'Northrop Boice', '3694 Redwing Trail', 844528, '2006-12-05', 'nboicelo@gnu.org', 'Z8923'),
(47252091, 'Hannis Scrivin', '751 Independence Lane', 249115, '1963-02-16', 'hscrivinc4@mapy.cz', 'H73003'),
(47266024, 'Yurik Dick', '48 Portage Alley', 482291, '1957-12-21', 'ydickpr@bbc.co.uk', 'T378X4A'),
(47510755, 'Guilbert Lawrie', '08 Carioca Circle', 591681, '1984-07-12', 'glawrienj@netlog.com', 'I87302'),
(47738504, 'Uriel Spearett', '63933 New Castle Alley', 974654, '1962-08-30', 'uspearett8t@archive.org', 'V5988XD'),
(47951885, 'Reube Fraczkiewicz', '7882 Butternut Road', 838871, '1951-05-27', 'rfraczkiewicznt@ycombinator.com', 'S21451A'),
(48036746, 'Alfonso Petrasch', '8967 Lukken Plaza', 176204, '1965-10-16', 'apetrasch9i@liveinternet.ru', 'S76829D'),
(48227033, 'Catie Piggens', '54808 Monument Trail', 658109, '1994-06-04', 'cpiggensl8@wunderground.com', 'S22068A'),
(48507348, 'Bealle Boswood', '8 Jackson Avenue', 174090, '1961-03-14', 'bboswood81@hhs.gov', 'H3004'),
(48828299, 'Saudra Pavy', '846 Eastwood Drive', 949424, '1969-03-30', 'spavybw@moonfruit.com', 'S149XXS'),
(48941432, 'Clerissa Scannell', '1364 Coleman Place', 308157, '1982-11-27', 'cscannell33@eventbrite.com', 'T8112XA'),
(49176155, 'Briant Startin', '5468 Cardinal Alley', 761535, '1969-07-26', 'bstartinmn@timesonline.co.uk', 'T85613D'),
(49188155, 'Dyann Pebworth', '49776 Spaight Road', 864920, '2002-01-07', 'dpebworthfw@canalblog.com', 'S066X2S'),
(49287176, 'Brant Headon', '068 Barnett Crossing', 176160, '1957-05-23', 'bheadon9f@redcross.org', 'T65292A'),
(49454932, 'Fin Hyatt', '4928 Center Road', 996220, '1984-04-22', 'fhyattic@nationalgeographic.com', 'M62031'),
(49458922, 'Pippo Wedmore', '8 Waxwing Street', 441703, '1970-07-18', 'pwedmoremq@imageshack.us', 'S82123C'),
(49463820, 'Maisie Fido', '8 Spenser Pass', 306189, '2009-11-04', 'mfidohp@irs.gov', 'Q148'),
(49519675, 'Charmane Paunsford', '734 Maple Parkway', 425168, '1975-10-29', 'cpaunsford3x@163.com', 'V194'),
(49599785, 'Poppy Melladew', '8342 Cherokee Hill', 483948, '1987-03-24', 'pmelladewi@blog.com', 'C472'),
(49664571, 'Carolus Wynch', '5 Shasta Lane', 207287, '1967-10-21', 'cwynchb@google.com.hk', 'S3082'),
(49680957, 'Errol Huckster', '427 Carpenter Park', 936064, '1961-10-19', 'ehuckster2f@berkeley.edu', 'S99132K'),
(49832140, 'Venita Fassbindler', '4085 Reindahl Alley', 849661, '2007-01-03', 'vfassbindlera7@marketwatch.com', 'V815'),
(49912668, 'Coletta Cartmael', '94871 Tennyson Trail', 316471, '1983-01-15', 'ccartmael2n@wsj.com', 'S92524K'),
(49923901, 'Cedric Confort', '0735 Forster Plaza', 127180, '1972-02-06', 'cconfort1c@people.com.cn', 'H35349'),
(49947259, 'Coop Premble', '4 Hazelcrest Center', 948065, '2002-03-18', 'cpremblefp@soup.io', 'S43313S'),
(50009350, 'Dom Grewcock', '676 Anzinger Hill', 356624, '1991-02-22', 'dgrewcock8p@cbsnews.com', 'S72433A'),
(50244492, 'Ermina Asling', '826 Cody Avenue', 994708, '1955-03-09', 'easlingnr@infoseek.co.jp', 'K639'),
(50585928, 'Audre Ryan', '7303 Stoughton Circle', 879585, '1997-03-03', 'aryan8c@time.com', 'T56893'),
(50602088, 'Antonin Goseling', '7314 Northland Plaza', 618666, '1991-04-01', 'agoselingd9@timesonline.co.uk', 'S21221'),
(50660563, 'Stillmann Christy', '4 Porter Pass', 438667, '1997-04-15', 'schristyie@a8.net', 'M21969'),
(50891682, 'Tabor McEnery', '2912 Mccormick Lane', 416838, '2012-05-27', 'tmcenery92@miitbeian.gov.cn', 'S63599A'),
(51033652, 'Catherin Pottery', '5 Sycamore Place', 363986, '1966-03-17', 'cpottery4t@lulu.com', 'T431X3D'),
(51045132, 'Myrtie Matijevic', '0 Summer Ridge Pass', 752435, '1991-08-23', 'mmatijevicke@berkeley.edu', 'M21059'),
(51132689, 'Falkner Luttgert', '0 Corben Center', 591608, '1953-07-23', 'fluttgertga@zimbio.com', 'E610'),
(51234366, 'Daron Meletti', '71578 Ohio Terrace', 400340, '1964-12-20', 'dmelettic2@europa.eu', 'F1999'),
(51250609, 'Robin Fosten', '02 Cody Junction', 528366, '1979-10-14', 'rfostenkm@about.me', 'S89111K'),
(51301003, 'Gussy Dupoy', '897 Birchwood Circle', 771224, '1955-12-08', 'gdupoyh0@google.com.hk', 'S89199D'),
(51594379, 'Keefe Winspeare', '7381 Eagle Crest Junction', 224479, '2012-03-13', 'kwinspeare4v@latimes.com', 'S82145Q'),
(51752914, 'Dedie Fleming', '69784 Grover Terrace', 321269, '2001-09-22', 'dfleminggs@nih.gov', 'S52041S'),
(52092931, 'Ethelred Hise', '0 Warrior Crossing', 397370, '1951-01-14', 'ehise9e@auda.org.au', 'S82121D'),
(52138087, 'Baron Snooks', '6791 Amoth Lane', 786980, '2003-11-13', 'bsnooksas@hexun.com', 'S90119A'),
(52247784, 'Isadora Girodin', '41 Arkansas Parkway', 293107, '1960-01-26', 'igirodinmf@webmd.com', 'T23269'),
(52464522, 'Jessica Skudder', '5034 Kedzie Junction', 160035, '1965-08-09', 'jskudderge@shutterfly.com', 'T50B92D'),
(52556318, 'Casar Jelphs', '29 Lakewood Court', 518829, '1981-10-19', 'cjelphsoa@yolasite.com', 'Y366X'),
(52658207, 'Modesty Erlam', '8155 Buena Vista Lane', 128149, '1991-08-28', 'merlampm@boston.com', 'T2079XS'),
(52865882, 'Chilton Campana', '604 Towne Place', 465334, '1994-07-09', 'ccampanaqe@intel.com', 'T85510S'),
(53053822, 'Cirilo Lengthorn', '578 Welch Road', 701349, '1994-12-14', 'clengthornm2@va.gov', 'W5549XD'),
(53073458, 'Nelli Sone', '359 Doe Crossing Junction', 890847, '1992-05-25', 'nsonely@facebook.com', 'S76092S'),
(53276426, 'Theadora Tupp', '839 Fulton Terrace', 169986, '1978-08-03', 'ttupp41@admin.ch', 'T3254'),
(53409710, 'Giusto Bursnoll', '49 Mariners Cove Junction', 271799, '1977-09-06', 'gbursnollmx@ucsd.edu', 'S82044'),
(53661144, 'Bonita Lewerenz', '3985 Coleman Street', 542470, '2012-01-18', 'blewerenzi1@quantcast.com', 'S62611P'),
(53758495, 'Ferguson Lodwick', '8 Memorial Point', 363391, '1966-07-24', 'flodwick9u@liveinternet.ru', 'S62301A'),
(53800473, 'Faye Kitchenside', '13769 Kropf Circle', 771936, '1972-03-27', 'fkitchensidera@discovery.com', 'T628X4S'),
(53983753, 'Flss Shave', '311 Portage Avenue', 474142, '1967-08-04', 'fshavea2@accuweather.com', 'S52202'),
(54005731, 'Alvera McCoole', '5359 Petterle Drive', 998958, '1985-03-02', 'amccoolebk@cdbaby.com', 'S15019'),
(54121667, 'Bordy Whorlton', '543 Cascade Circle', 143122, '1986-12-29', 'bwhorltonk4@yandex.ru', 'S23143A'),
(54338311, 'Delcine Lockitt', '0 Rieder Court', 637179, '1988-03-16', 'dlockitt3k@rakuten.co.jp', 'S62350P'),
(54531645, 'Kahlil Mardy', '4965 Browning Circle', 198116, '1956-07-20', 'kmardy7n@hatena.ne.jp', 'V825XXD'),
(54623341, 'Maxine Coverdale', '7 Merchant Road', 821006, '2006-09-15', 'mcoverdale1e@globo.com', 'S6260'),
(54665213, 'Agretha Dunseath', '08 Barnett Center', 837481, '2003-12-03', 'adunseathqt@prnewswire.com', 'T63893D'),
(54780082, 'Nevins Grattan', '0730 Huxley Terrace', 692293, '1966-12-20', 'ngrattanq2@yale.edu', 'F1396'),
(54828163, 'Joey Goldfinch', '50 Novick Road', 885000, '2003-09-14', 'jgoldfinch3h@tinypic.com', 'C44599'),
(54839051, 'Babbie McCosh', '4 Miller Center', 863997, '1963-11-09', 'bmccosh1g@howstuffworks.com', 'E083539'),
(54854381, 'Powell Hawksworth', '75 Northridge Court', 236316, '1972-05-29', 'phawksworthkg@irs.gov', 'S82845D'),
(54943477, 'Arline Benninger', '64 Dovetail Pass', 278143, '1972-08-04', 'abenninger7k@mediafire.com', 'Y92412'),
(55261031, 'Adorne Isacq', '06 Holy Cross Way', 531813, '1996-08-22', 'aisacq6n@cdc.gov', 'S62292P'),
(55528199, 'Blythe Silk', '7997 Johnson Circle', 140164, '2013-09-25', 'bsilkai@pbs.org', 'P112'),
(55571498, 'Mariam Crosswaite', '97039 Fremont Alley', 276839, '2005-09-16', 'mcrosswaitejs@weather.com', 'M8518'),
(55584183, 'Eberto Millins', '499 Northfield Plaza', 326792, '1958-09-23', 'emillinsrh@xrea.com', 'S61012S'),
(55618846, 'Lawton Pirri', '33 Russell Pass', 422546, '1987-08-30', 'lpirriip@webs.com', 'C4480'),
(55641702, 'Bernhard Crathern', '4 Grasskamp Avenue', 106476, '2004-04-07', 'bcrathernez@hexun.com', 'S52622D'),
(55706773, 'Ahmed Ferron', '451 Maple Wood Circle', 454654, '1985-02-20', 'aferron1b@nationalgeographic.com', 'T22132D'),
(55718975, 'Cassandre Smartman', '7 Esch Point', 152832, '1955-09-02', 'csmartmangk@amazon.co.jp', 'S73022'),
(55732704, 'Gretta Ivachyov', '04 Buena Vista Plaza', 737748, '1979-11-22', 'givachyovhd@umich.edu', 'S60551'),
(55734522, 'Lyndsey Alders', '471 Warner Plaza', 676521, '1975-04-15', 'laldersq6@quantcast.com', 'F1210'),
(55938704, 'Wye Tomaszewski', '988 Haas Avenue', 294947, '1952-07-12', 'wtomaszewski65@timesonline.co.uk', 'T63192A'),
(56007464, 'Del Songist', '6 Glacier Hill Parkway', 848894, '2005-04-05', 'dsongistbd@friendfeed.com', 'M0502'),
(56048772, 'Ellette Grishaev', '4267 Twin Pines Plaza', 852371, '1974-01-03', 'egrishaevos@tuttocitta.it', 'T511X3'),
(56099871, 'Cammie Schusterl', '18 Kingsford Plaza', 597291, '2001-06-14', 'cschusterlnp@livejournal.com', 'T2016'),
(56130134, 'Emalia Chaulk', '3 Independence Street', 188738, '1960-10-20', 'echaulknz@statcounter.com', 'S49031A'),
(56778887, 'Cindy Somersett', '55 Meadow Ridge Junction', 856113, '1956-02-25', 'csomersettrk@dyndns.org', 'S92351G'),
(56851744, 'Adriane Hastings', '9045 Ludington Hill', 527095, '2009-04-02', 'ahastingsil@loc.gov', 'O0080'),
(57027678, 'Gaile Currao', '3002 Mcbride Hill', 499654, '1962-05-24', 'gcurraog6@columbia.edu', 'Z4421'),
(57128274, 'Susie Beddows', '1922 Elka Way', 759136, '1968-05-22', 'sbeddows9h@wp.com', 'Y92002'),
(57191606, 'Nissa Sindle', '7 Prairie Rose Junction', 603904, '2010-10-17', 'nsindleb9@msu.edu', 'E113533'),
(57247015, 'Nollie Steers', '0 Bayside Park', 479500, '2008-10-09', 'nsteersnh@umn.edu', 'M76812'),
(57358628, 'Adelaida Heifer', '611 Holy Cross Pass', 807574, '1971-09-15', 'aheiferi2@sbwire.com', 'T50B13S'),
(57379923, 'Bessie Bartholin', '169 Helena Center', 924200, '2003-07-19', 'bbartholin85@google.co.uk', 'S92322K'),
(57529969, 'Eduard Veeler', '806 Surrey Junction', 855157, '1997-08-04', 'eveeler2b@opensource.org', 'S90473'),
(57585711, 'Tobie Moynham', '71 Redwing Place', 679231, '1991-09-15', 'tmoynhamqd@chronoengine.com', 'S92123S'),
(57650931, 'Corilla Ingyon', '22 Paget Place', 105542, '2008-04-28', 'cingyon94@soup.io', 'T22739S'),
(57726518, 'Daryl Woolacott', '4862 Macpherson Hill', 218623, '2008-11-29', 'dwoolacott4g@nymag.com', 'S52326B'),
(57803082, 'Allene Gillott', '34840 Tennyson Lane', 686488, '1991-05-20', 'agillott97@gnu.org', 'S97102D'),
(57967271, 'Jarad Vasiliev', '41822 Mayfield Alley', 657105, '1971-07-28', 'jvasilievdg@ucoz.ru', 'T2240XA'),
(57987450, 'Ewen McVitty', '31952 Summerview Pass', 643669, '1999-05-05', 'emcvittyd2@disqus.com', 'F652'),
(58089058, 'Winny McQuillan', '6 Farmco Hill', 930750, '1958-02-15', 'wmcquillanrj@google.cn', 'M84879'),
(58098808, 'Devin Stenhouse', '5253 Miller Plaza', 835735, '1985-12-09', 'dstenhousek1@java.com', 'V8011'),
(58112973, 'Chandal McDell', '70 Alpine Terrace', 420839, '1987-12-09', 'cmcdellq0@shutterfly.com', 'S15019D'),
(58293788, 'Tasia Hartop', '67 Barnett Place', 638618, '2005-10-31', 'thartopoh@xinhuanet.com', 'T870X'),
(58541672, 'Amalita Secrett', '37 Orin Park', 461041, '1967-08-15', 'asecretth1@ehow.com', 'O6014X0'),
(58602981, 'Burlie Cleever', '5821 Ludington Pass', 608890, '2002-07-19', 'bcleeverd5@umich.edu', 'O29292'),
(58766506, 'Martha Rockcliff', '04 Sundown Alley', 376387, '1962-02-20', 'mrockcliffae@webmd.com', 'S8780XS'),
(59115413, 'Brice Bultitude', '91 Bay Park', 472759, '1992-10-26', 'bbultitude8u@comsenz.com', 'S49021K'),
(59200820, 'Eleanore Saltmarshe', '970 Coolidge Terrace', 432064, '2012-05-29', 'esaltmarshe80@smugmug.com', 'T507X2D'),
(59222190, 'Archibald Bissell', '3410 Melby Way', 949237, '1982-03-24', 'abissellba@blogtalkradio.com', 'S9491'),
(59255564, 'Allix Bisiker', '3232 Fairview Point', 864249, '1958-10-15', 'abisikerg9@hhs.gov', 'T43635S'),
(59277051, 'Joachim McCulley', '2718 Sycamore Center', 326995, '2005-11-30', 'jmcculleyc0@washingtonpost.com', 'S62136D'),
(59321373, 'Laina Orred', '0 Acker Street', 757706, '1959-07-28', 'lorred61@nps.gov', 'A5056'),
(59372456, 'Jody Caps', '5 Bartillon Parkway', 154026, '1967-09-16', 'jcapsaj@exblog.jp', 'Z8352'),
(59406204, 'Maryanne McCallister', '64 Dennis Terrace', 515135, '2007-09-07', 'mmccallisteri5@jigsy.com', 'L709'),
(59459018, 'Salvador McKernan', '5 Cordelia Way', 918742, '1965-03-18', 'smckernan4n@umich.edu', 'S63289S'),
(59520093, 'Briant Swiers', '90931 Mosinee Drive', 994578, '2007-08-24', 'bswiers8m@posterous.com', 'S3097'),
(59772298, 'Barrett Pynner', '759 Kings Park', 854795, '1976-02-24', 'bpynnernc@ning.com', 'T22532'),
(59787667, 'Gigi Spirritt', '081 Tennyson Plaza', 651101, '1970-09-19', 'gspirritt83@opensource.org', 'T3695XA'),
(59788317, 'Nathalie Baack', '86912 Eastwood Plaza', 965866, '1952-10-16', 'nbaackpt@nba.com', 'V253XXD'),
(59798880, 'Stephanus Heller', '51606 Basil Lane', 976483, '1965-08-30', 'shellerdn@cbslocal.com', 'M84478K'),
(60164680, 'Kliment Berridge', '1872 Welch Street', 937060, '1980-08-03', 'kberridgehb@paginegialle.it', 'N75'),
(60170364, 'Colleen Di Claudio', '1394 Golf Course Hill', 159042, '1952-07-31', 'cdif3@squidoo.com', 'T45602S'),
(60225219, 'Odette Joss', '16963 Arrowood Place', 451411, '1958-04-08', 'ojossed@wikipedia.org', 'S32612K'),
(60259609, 'Prentiss Jockle', '5287 Charing Cross Circle', 704741, '2000-09-02', 'pjocklefk@goodreads.com', 'I9771'),
(60375249, 'Regan Gussin', '77023 Stang Drive', 281114, '1988-03-09', 'rgussinf9@ucla.edu', 'S82842D'),
(60521899, 'Derek Crowne', '4888 Birchwood Center', 754537, '1957-06-12', 'dcrowneey@wikipedia.org', 'C8516'),
(60535000, 'Tommie Mousby', '11 Nelson Plaza', 658907, '1969-10-13', 'tmousbydd@cnn.com', 'S5511'),
(60541191, 'Elli Meak', '07 Hovde Drive', 188839, '1971-01-16', 'emeakiy@topsy.com', 'S31115'),
(60640447, 'Blair Gogan', '379 Division Hill', 221949, '1963-04-17', 'bgoganqy@princeton.edu', 'S72123C'),
(60640841, 'Robby Isson', '54979 Mosinee Center', 622181, '2001-03-05', 'risson8k@wikia.com', 'T25519'),
(60724074, 'Richie Hanham', '62064 Texas Way', 560770, '1974-09-20', 'rhanhamav@devhub.com', 'G3289'),
(60856708, 'Thaddus Baniard', '84 Cambridge Center', 982200, '1988-12-16', 'tbaniarder@abc.net.au', 'M05351'),
(60914101, 'Carney Bagot', '97002 Nevada Junction', 459355, '1967-07-20', 'cbagotnm@freewebs.com', 'S89112S'),
(60934344, 'Issie Perris', '1682 Lakewood Gardens Center', 115176, '1961-07-09', 'iperrisk5@ow.ly', 'Q103'),
(61007096, 'Ariela Dadds', '7919 Hooker Terrace', 394511, '1981-02-15', 'adaddsmw@unesco.org', 'S30876D'),
(61071517, 'Alvis O\'Regan', '9890 Utah Park', 562868, '1990-10-25', 'aoreganmt@archive.org', 'S565'),
(61124706, 'Lelia Segges', '9 Arizona Park', 217876, '1953-11-21', 'lsegges36@vistaprint.com', 'M1A3211'),
(61263721, 'Aldric Stronack', '0 Upham Trail', 219721, '1984-08-05', 'astronackh4@cdbaby.com', 'M42'),
(61288180, 'Sigismondo Manneville', '1256 Crownhardt Trail', 343085, '1995-10-12', 'smannevillemi@aol.com', 'S32019'),
(61387795, 'Harley Klosa', '07933 Dunning Point', 991840, '2013-01-18', 'hklosa7j@networksolutions.com', 'S82452F'),
(61721225, 'Lynnette Struis', '2455 Maywood Court', 398917, '1967-10-18', 'lstruisis@loc.gov', 'S7402XD'),
(62278284, 'Binny Billam', '3466 3rd Hill', 361431, '1992-05-27', 'bbillam5f@reuters.com', 'C068'),
(62323108, 'Samuel Rikkard', '14069 Park Meadow Road', 498667, '1979-08-06', 'srikkardd3@mlb.com', 'S32426G'),
(62376369, 'Peirce Grieveson', '07635 Glendale Pass', 849799, '1981-02-05', 'pgrieveson37@alibaba.com', 'S52611N'),
(62412504, 'Angeli Odney', '304 Oneill Hill', 626549, '1988-05-14', 'aodneyhi@1und1.de', 'S8265XA'),
(62673613, 'Lew Maha', '6433 Vermont Road', 677904, '1993-04-11', 'lmaha3o@friendfeed.com', 'Z518'),
(62796836, 'Roxi Edland', '490 Mcbride Hill', 151200, '1998-02-18', 'redlandpw@about.me', 'S52299'),
(62835201, 'Durant Neles', '3 Summit Alley', 215913, '1974-10-09', 'dneles3s@yahoo.co.jp', 'S42341P'),
(62864593, 'Nissy Learmonth', '8976 Mendota Drive', 441702, '1980-02-22', 'nlearmonthif@addtoany.com', 'S91146D'),
(62865300, 'Aline Rodger', '75863 Beilfuss Place', 841797, '2005-01-24', 'arodgerap@blogtalkradio.com', 'M0087'),
(62918812, 'Stoddard Lemery', '01786 Northland Place', 187484, '1956-02-24', 'slemerybb@digg.com', 'S06388S'),
(63105021, 'Maybelle Arlett', '4 Sunnyside Pass', 405008, '1972-09-17', 'marlettoc@constantcontact.com', 'W57'),
(63122838, 'Abeu Mignot', '5 Quincy Trail', 767363, '1995-11-15', 'amignot57@seesaa.net', 'T82310D'),
(63236368, 'Filide Menicomb', '386 Jenifer Parkway', 894557, '1977-06-30', 'fmenicomb6a@mayoclinic.com', 'M86129'),
(63349135, 'Basilio Trobey', '6 Lyons Lane', 723426, '1998-01-12', 'btrobey8j@ihg.com', 'S6520'),
(63455083, 'Louie Portchmouth', '36 Maple Wood Avenue', 168904, '2007-10-29', 'lportchmouth5g@booking.com', 'T24632'),
(63661470, 'Clayborne McBay', '33291 Sunnyside Terrace', 388278, '1964-05-09', 'cmcbayr0@blinklist.com', 'H15009'),
(63722947, 'Travis Gascoyne', '35 Eagan Hill', 467694, '2008-09-12', 'tgascoyneql@instagram.com', 'M84369D'),
(64059902, 'Kelci Murison', '4527 Debra Place', 846336, '1987-08-04', 'kmurisonn3@hc360.com', 'S242XXA'),
(64230526, 'Mala Scanterbury', '36 Kingsford Pass', 806061, '2002-02-04', 'mscanterbury78@joomla.org', 'T23572A'),
(64309182, 'Zacharie Maddick', '8 Eagle Crest Alley', 343852, '1957-04-07', 'zmaddick7o@chron.com', 'K565'),
(64354556, 'Nicoline Pattington', '49 Cherokee Plaza', 604466, '1982-02-05', 'npattingtoncq@buzzfeed.com', 'B2781'),
(64396777, 'Darnell Seyffert', '8085 Fuller Park', 780119, '2002-08-25', 'dseyfferthc@wiley.com', 'Y9289'),
(64476959, 'Lorain Henriksson', '470 Anhalt Pass', 493190, '2011-04-08', 'lhenrikssonrr@cyberchimps.com', 'M05459'),
(64549578, 'Carleen Simonich', '82 Graedel Lane', 435906, '1956-05-11', 'csimonichbv@oaic.gov.au', 'S52539F'),
(64645386, 'Jaclin Brittian', '1 Brentwood Alley', 368829, '1957-11-26', 'jbrittian6e@vistaprint.com', 'S31140A'),
(64941823, 'Dov McGee', '484 Pond Drive', 679195, '1999-11-07', 'dmcgee7y@marriott.com', 'M2172'),
(65064613, 'Benjamen Leah', '02166 Huxley Place', 839492, '2001-04-12', 'bleah2x@addthis.com', 'T43595A'),
(65188790, 'Ashlan MacKegg', '0 Shopko Avenue', 650747, '1953-05-29', 'amackeggm4@google.ca', 'H6192'),
(65284278, 'Aubrey Gounod', '2452 Green Plaza', 557463, '1978-12-18', 'agounod8w@mediafire.com', 'S20429D'),
(65806250, 'Seamus Flohard', '45384 Monica Pass', 734267, '1977-07-23', 'sflohardi8@soup.io', 'S63653'),
(65966391, 'Gery Morena', '79206 Longview Court', 788908, '1950-01-06', 'gmorenaep@mozilla.com', 'F13280'),
(66006191, 'Darya Ottley', '6 Lindbergh Circle', 674939, '1973-07-31', 'dottleyiu@bbc.co.uk', 'S1192XA'),
(66054319, 'Corabel McCaughey', '8 Weeping Birch Parkway', 257178, '1977-01-24', 'cmccaugheybi@blinklist.com', 'Q172'),
(66080689, 'Ardeen Jeaycock', '6573 Golden Leaf Road', 390580, '1997-02-03', 'ajeaycockpn@unesco.org', 'S5490XD'),
(66159381, 'Haze Francescotti', '6317 Novick Terrace', 393056, '1961-08-16', 'hfrancescottire@tmall.com', 'J662'),
(66210975, 'Hillel Kopecka', '594 Monument Park', 253880, '1966-02-12', 'hkopeckakx@springer.com', 'M79A3'),
(66256655, 'Hart Valentinuzzi', '16553 Longview Plaza', 132673, '1959-04-01', 'hvalentinuzziro@aboutads.info', 'M08949'),
(66354678, 'Kelila Coppock.', '3 Eggendart Trail', 826787, '1955-10-17', 'kcoppocke1@shinystat.com', 'S63253'),
(66427946, 'Adelice Surcombe', '1975 Sheridan Junction', 757785, '2009-12-08', 'asurcombe86@creativecommons.org', 'S85809'),
(66436235, 'Brena Keeble', '97 Caliangt Street', 993169, '1956-04-26', 'bkeeblen6@geocities.com', 'B172'),
(66437976, 'Meir Greatbach', '32 Roth Lane', 942570, '1990-01-11', 'mgreatbach8@sciencedirect.com', 'T24712'),
(66443567, 'Gan Braghini', '5 Ludington Junction', 680910, '1983-12-10', 'gbraghiniqr@fda.gov', 'S55012S'),
(66744617, 'Ardenia Schindler', '38 Redwing Junction', 119161, '1977-01-14', 'aschindler4b@usgs.gov', 'V9210XD'),
(66750263, 'Nolie McGawn', '700 Mcguire Park', 793008, '1957-10-29', 'nmcgawn6h@sohu.com', 'W532'),
(66797395, 'Arel Enga', '14 Leroy Lane', 493863, '1993-11-11', 'aengaf4@who.int', 'S329XXD'),
(67007235, 'Siegfried Jobson', '079 Cambridge Plaza', 941302, '1955-06-10', 'sjobsonqj@cmu.edu', 'T43594'),
(67208846, 'Jessie Ginie', '679 Lien Street', 129972, '1971-11-16', 'jginiecd@soundcloud.com', 'S82042G'),
(67547598, 'Clarice Schulke', '847 Blackbird Way', 281678, '1951-08-03', 'cschulker2@sciencedaily.com', 'Y04'),
(67602858, 'Georgeta Cheeke', '682 Graedel Terrace', 938799, '2003-06-04', 'gcheeke2w@statcounter.com', 'M00212'),
(67612450, 'Sarine Biddlestone', '75 Autumn Leaf Center', 329894, '2012-06-29', 'sbiddlestoneob@mapy.cz', 'C794'),
(67742850, 'Ethelind Beckford', '6 Everett Crossing', 267424, '1974-12-09', 'ebeckfordq3@msn.com', 'S59011K'),
(67797575, 'Lenora Curnock', '19512 Chinook Way', 347010, '2011-03-24', 'lcurnock6y@cnbc.com', 'L89890'),
(67835760, 'Otho McCambrois', '354 Spohn Lane', 847554, '1965-02-11', 'omccambrois6w@cbc.ca', 'L235'),
(68017045, 'Dallon Laterza', '5013 Eagle Crest Drive', 974990, '1973-09-26', 'dlaterzael@mlb.com', 'T597X3D'),
(68083678, 'Manolo O\' Borne', '7 Mesta Park', 164465, '1959-08-21', 'mok3@cpanel.net', 'M66372'),
(68165116, 'Winnifred Voelker', '2777 Fairview Road', 458692, '1987-04-07', 'wvoelkerm9@shinystat.com', 'S53002D'),
(68385110, 'Penny Felton', '3040 Roth Road', 881889, '1995-05-13', 'pfeltongy@sciencedirect.com', 'V777XXS'),
(68511156, 'Daniele Crichmer', '88627 8th Street', 797310, '1972-02-05', 'dcrichmercv@lulu.com', 'V696'),
(68587241, 'Hewet MacTrusty', '5 North Trail', 595117, '1978-06-06', 'hmactrusty3m@weebly.com', 'S062X6D'),
(68614993, 'Gardie Tommasetti', '634 Cardinal Way', 774284, '1992-02-09', 'gtommasettidl@a8.net', 'M93941'),
(68881535, 'Jase Siverns', '29205 Victoria Road', 534863, '1955-10-09', 'jsiverns3b@nature.com', 'Z0279'),
(69039499, 'Catherine Sives', '68 Melvin Junction', 628672, '1951-09-28', 'csivespa@amazon.co.uk', 'I69951'),
(69080128, 'Sherri Antowski', '29 Carioca Court', 855425, '1951-10-01', 'santowskijv@vinaora.com', 'S82133P'),
(69638176, 'Niki O\'Hartagan', '91 Paget Street', 590292, '2003-05-09', 'nohartagan6m@myspace.com', 'S62629G'),
(69644244, 'Elva Burroughes', '1009 Stoughton Trail', 147198, '2003-07-24', 'eburroughes1@yolasite.com', 'T81595A'),
(69821050, 'Rebecka Midford', '5960 Erie Court', 794654, '1995-12-13', 'rmidfordm8@dot.gov', 'S25191D'),
(69870576, 'Grata Brenton', '681 Eastlawn Junction', 156284, '1991-02-15', 'gbrentongd@about.me', 'V1988'),
(70042936, 'Glenn McCart', '93830 Northport Avenue', 534990, '2002-03-09', 'gmccart9n@java.com', 'F5232'),
(70161480, 'Avrit Krolik', '105 Harper Center', 261157, '1987-04-16', 'akrolik4c@nasa.gov', 'W2204'),
(70239513, 'Shanon Jardin', '64 Bartelt Plaza', 931099, '2007-01-16', 'sjardinqx@live.com', 'T23471D'),
(70265108, 'Trey Galia', '4728 Ruskin Trail', 242674, '1991-03-03', 'tgalia2k@geocities.jp', 'S82121B'),
(70281366, 'Kylie Harvison', '4333 Paget Circle', 376599, '1973-06-23', 'kharvisonfl@businessweek.com', 'S34109D'),
(70383105, 'Sascha Antonescu', '3279 Mandrake Pass', 136816, '1997-04-06', 'santonescubn@reference.com', 'V9432XA'),
(70582032, 'Jonis Jantel', '2940 Cordelia Center', 122357, '1975-02-20', 'jjantel8e@ehow.com', 'S61142'),
(70761091, 'Aridatha Kepe', '2 Westend Junction', 721398, '1978-11-02', 'akepeo7@google.de', 'S52571B'),
(70761717, 'Audre Scroggie', '062 Kropf Center', 490983, '1982-02-10', 'ascroggie5d@theatlantic.com', 'S99232'),
(70776788, 'Godwin Keightley', '90 Colorado Plaza', 962308, '2011-01-13', 'gkeightley9w@pinterest.com', 'Y773'),
(70811446, 'Sibella Persence', '45 Goodland Alley', 193967, '1997-04-18', 'spersenceix@upenn.edu', 'F30'),
(71075215, 'Lonnie Saberton', '04153 Autumn Leaf Junction', 461956, '1984-09-19', 'lsaberton1f@telegraph.co.uk', 'L8951'),
(71095576, 'Reeta Bronot', '21 Oak Lane', 837604, '2000-07-04', 'rbronotlk@google.com', 'O87'),
(71122696, 'Cory Mullane', '29 Colorado Pass', 103522, '1976-02-14', 'cmullaneig@princeton.edu', 'S85212A'),
(71314366, 'Tamra Vaskin', '52 Green Hill', 376589, '1960-10-02', 'tvaskin5y@themeforest.net', 'K753'),
(71430020, 'Pepe Pluthero', '0593 Miller Court', 997039, '2012-05-30', 'ppluthero2d@shareasale.com', 'S06309A'),
(71733297, 'Hyacinthia Boss', '911 Eagle Crest Terrace', 537724, '1974-08-31', 'hbossc8@washingtonpost.com', 'M2632'),
(71767248, 'Morgan Hiscocks', '607 Melvin Park', 761607, '1996-01-23', 'mhiscocksej@amazon.co.uk', 'M778'),
(71930455, 'Ethyl Gever', '2808 Kennedy Court', 183236, '1961-07-09', 'egever69@addtoany.com', 'Q5031'),
(72067978, 'Garvy Schrinel', '4 Hanover Avenue', 763062, '1978-01-01', 'gschrinel9q@over-blog.com', 'T505X4D'),
(72129523, 'Virge Whetson', '8 Lawn Junction', 619116, '1959-05-17', 'vwhetson4y@ucsd.edu', 'S62175'),
(72140509, 'Charita Van der Merwe', '1946 Warner Center', 515214, '1981-01-10', 'cvanmj@hatena.ne.jp', 'I70245'),
(72262706, 'Terrell McWhan', '5 Scott Place', 822767, '1958-07-20', 'tmcwhan5h@spotify.com', 'S82392C'),
(72318541, 'Christian Dainty', '87688 Pierstorff Hill', 457326, '2005-12-09', 'cdainty9a@yellowbook.com', 'S42447'),
(72467273, 'Julie Pirelli', '87284 Buell Drive', 951506, '1973-09-02', 'jpirellifr@uiuc.edu', 'H1853'),
(72609565, 'Kipp Covolini', '94 Nancy Hill', 700530, '2003-01-03', 'kcovolini3u@list-manage.com', 'Y3647'),
(72685222, 'Paloma Hardern', '06683 2nd Alley', 971866, '1983-08-14', 'phardern8b@java.com', 'R799'),
(72714533, 'Tracey Standley', '35 Corry Place', 265331, '1955-02-06', 'tstandley12@oracle.com', 'V382XXA'),
(72919227, 'Car Rummings', '5 Rieder Place', 414699, '2002-10-27', 'crummingsf1@purevolume.com', 'S60511A'),
(72927404, 'Eadith Sandercroft', '15 Glendale Drive', 380130, '2002-04-05', 'esandercroft3p@pbs.org', 'M0089'),
(72950981, 'Ailis Wyrall', '92768 Marquette Court', 483263, '2001-05-15', 'awyrallnv@flickr.com', 'T24139D'),
(72987234, 'Heath Astlett', '71877 International Alley', 693684, '1985-11-21', 'hastlettn1@csmonitor.com', 'T503X6A'),
(73062480, 'Lindy Caulder', '68 Stephen Drive', 801272, '1991-10-08', 'lcaulder4j@gmpg.org', 'M7612'),
(73221041, 'Robinet Autie', '6509 Eggendart Avenue', 758407, '2006-04-27', 'rautie30@sfgate.com', 'S82012B'),
(73270451, 'Brandyn Ellershaw', '7 Fieldstone Trail', 863613, '1956-02-23', 'bellershawdq@ezinearticles.com', 'S61348S'),
(73307896, 'Frans Maingot', '13 Thackeray Alley', 805120, '1953-03-04', 'fmaingoto2@privacy.gov.au', 'S72342M'),
(73593521, 'May Cressingham', '7 Pierstorff Crossing', 290580, '1993-05-05', 'mcressingham3l@lulu.com', 'S72355R'),
(73598321, 'Raina Frusher', '33 Farragut Way', 388930, '1956-08-12', 'rfrusherjh@google.pl', 'W5551XD'),
(73903668, 'Gherardo Harrap', '57 Carpenter Parkway', 351733, '1962-03-25', 'gharrapaz@cnn.com', 'T433X3S'),
(74003079, 'Karney Herion', '829 Pleasure Way', 255271, '1970-10-08', 'kherionmg@nhs.uk', 'K5700'),
(74133967, 'Timothy Laste', '0 Talmadge Point', 656816, '1951-03-06', 'tlasteri@wp.com', 'T56894D'),
(74175838, 'Ulla Devita', '3 Lake View Crossing', 739671, '1968-12-12', 'udevita7a@blinklist.com', 'S63046'),
(74428843, 'Merv Cumber', '00 Prairieview Center', 513616, '2008-06-13', 'mcumber4o@github.io', 'F17223'),
(74489327, 'Colleen Rudkin', '15 Steensland Junction', 157692, '1981-11-08', 'crudkink8@paginegialle.it', 'S59212K'),
(74494137, 'Delores Tennet', '9 Duke Place', 526774, '2001-01-17', 'dtennete7@paypal.com', 'N13739'),
(74630766, 'Arch Becerro', '88 Fair Oaks Plaza', 266676, '1989-11-20', 'abecerro54@sbwire.com', 'C4322'),
(74715189, 'Emilie Moorey', '4 Bonner Point', 458424, '1979-10-05', 'emooreyg8@cnet.com', 'T1731'),
(74801110, 'Greggory Ocklin', '6 Norway Maple Center', 272214, '1985-01-24', 'gocklink6@vkontakte.ru', 'T85693D'),
(74827234, 'Gauthier Hinemoor', '62 Troy Way', 686379, '1992-10-15', 'ghinemoorhx@seesaa.net', 'H47531'),
(74856774, 'Jay Eirwin', '63206 Milwaukee Alley', 590466, '1957-03-12', 'jeirwinm5@bigcartel.com', 'S61316A'),
(75066000, 'Godard Oene', '8611 Oak Valley Road', 823998, '1954-02-10', 'goeneqs@wordpress.com', 'Y37240'),
(75672560, 'Claire Henryson', '77284 Pearson Alley', 898395, '2005-11-25', 'chenrysonc1@nydailynews.com', 'Q332'),
(75732238, 'Noni Blowick', '95 Red Cloud Hill', 170048, '1989-11-04', 'nblowickns@nyu.edu', 'S72146E'),
(75820043, 'Binky Davern', '65904 Fairview Place', 886730, '1974-03-18', 'bdavernle@barnesandnoble.com', 'O3471'),
(75928974, 'Rupert Hutchinges', '27 Mitchell Plaza', 285316, '1962-05-16', 'rhutchingespd@1688.com', 'Z6832'),
(75982516, 'Rodolfo Sayse', '97 West Parkway', 616759, '1953-07-29', 'rsayse1r@newyorker.com', 'S50819'),
(76012540, 'Doroteya Barneveld', '11 Kipling Circle', 823922, '1970-01-31', 'dbarneveldog@google.com', 'M24812'),
(76092653, 'Leora Heelis', '978 Ridge Oak Lane', 149502, '1951-04-24', 'lheelis1y@spotify.com', 'H8112'),
(76114921, 'Bliss Pulbrook', '7 Glendale Court', 731884, '1951-04-16', 'bpulbrook1h@yellowpages.com', 'G4726'),
(76214995, 'Korella Avrahm', '3520 Hintze Road', 468532, '2003-04-24', 'kavrahmjq@technorati.com', 'T2125'),
(76496414, 'Gweneth Macoun', '167 Warner Crossing', 166436, '1983-06-21', 'gmacoun1p@last.fm', 'M80831D'),
(76540508, 'Wadsworth O\'Rowane', '01908 Macpherson Center', 802815, '1982-12-12', 'worowane32@elpais.com', 'V7920XS'),
(76887740, 'Felecia Reimer', '705 Reinke Pass', 217446, '1994-06-04', 'freimerrg@sciencedaily.com', 'W2111XA'),
(76889991, 'Cory Moncey', '764 Riverside Point', 797803, '1984-07-17', 'cmoncey3n@statcounter.com', 'S14126D'),
(76948054, 'Karita Sobey', '36 Debs Pass', 741490, '1949-11-28', 'ksobeyfg@ed.gov', 'S96821D'),
(77079549, 'Charmaine Cicero', '912 Oak Valley Court', 196531, '1994-05-07', 'cciceroem@craigslist.org', 'T446X4S'),
(77346683, 'Marlene Escreet', '74 Grayhawk Avenue', 251597, '2010-03-05', 'mescreetpk@jigsy.com', 'S5412XS'),
(77366604, 'Tamiko O\'Daly', '57 Karstens Way', 205707, '1989-04-24', 'todalyjk@trellian.com', 'S63267A'),
(77367447, 'Maurice Colls', '54625 Waywood Point', 300172, '1962-10-25', 'mcolls5i@home.pl', 'W5309XD'),
(77379478, 'Tommy Weedall', '70400 Pierstorff Lane', 572601, '1998-06-04', 'tweedall47@mtv.com', 'S8255XE'),
(77468270, 'Hewe Von Welldun', '2426 Claremont Pass', 114576, '1995-02-10', 'hvon98@umn.edu', 'H25041'),
(77487795, 'Grete Mackrell', '48809 Derek Avenue', 959112, '1953-12-27', 'gmackrell2e@mozilla.org', 'M5489'),
(77526182, 'Garey Syres', '86 Dennis Park', 523637, '1949-03-13', 'gsyres9l@msn.com', 'T460X5D'),
(77791875, 'Any Minker', '1 Glendale Park', 615052, '2009-09-29', 'aminker5v@flickr.com', 'V9339XD'),
(77961387, 'Dolores McCathy', '64 Green Lane', 712379, '1995-09-27', 'dmccathypg@prweb.com', 'T190XXA'),
(78057672, 'Odelinda Antrag', '55 Sullivan Plaza', 592454, '1964-02-09', 'oantragc3@java.com', 'O335XX5'),
(78127595, 'Burr Nowak', '4 Maple Wood Lane', 258128, '2012-01-29', 'bnowakqz@vk.com', 'M503'),
(78146044, 'Saw Blei', '578 Graedel Avenue', 160718, '1957-05-06', 'sbleimr@mac.com', 'H4743'),
(78215995, 'Gabriele Blaney', '6064 Oriole Way', 169110, '1983-06-16', 'gblaneyhg@boston.com', 'K08113'),
(78250590, 'Andra MacTerrelly', '8 Menomonie Lane', 146092, '1999-07-29', 'amacterrelly7p@blinklist.com', 'C530'),
(78369830, 'Evan Langman', '7 Talisman Center', 355220, '2012-10-01', 'elangmanm3@sogou.com', 'H401231'),
(78465718, 'Raymond Freear', '615 Anthes Road', 631100, '1958-10-20', 'rfreear8v@4shared.com', 'M84634S'),
(78502502, 'Meghann Tearney', '6413 Ramsey Way', 441163, '1992-06-12', 'mtearney3w@free.fr', 'T651X4'),
(78641799, 'Marga Snassell', '52 Welch Crossing', 680397, '2003-11-15', 'msnassellkf@amazon.com', 'S72361P'),
(78667604, 'Marylynne Aldgate', '14 Stone Corner Hill', 239560, '2011-04-29', 'maldgate9d@bandcamp.com', 'S0096XA'),
(78998138, 'Aurea Beynkn', '67824 Lukken Alley', 995789, '1977-08-17', 'abeynknaq@phoca.cz', 'M7711'),
(79011513, 'Simone Deerness', '8 Moulton Terrace', 959053, '1977-10-21', 'sdeernessq5@admin.ch', 'H02734'),
(79087388, 'Meir Cometto', '63 Schurz Park', 335835, '2008-02-11', 'mcomettopj@taobao.com', 'S52334Q'),
(79144264, 'Rozelle Speers', '4 Birchwood Circle', 454186, '1987-06-04', 'rspeersni@exblog.jp', 'S52299'),
(79245264, 'Cordey Royson', '5 Susan Terrace', 867561, '2007-04-14', 'croysoncy@woothemes.com', 'S56114D'),
(79285482, 'Terrijo Sprasen', '22575 Havey Park', 819513, '2009-08-21', 'tspraseng2@tmall.com', 'M90512'),
(79359704, 'Vassili McCarrell', '113 Almo Road', 799528, '1951-10-21', 'vmccarrellad@bigcartel.com', 'S00459D'),
(79526465, 'Cecile Dy', '46 Mariners Cove Terrace', 705402, '1983-07-18', 'cdyax@elegantthemes.com', 'S36418'),
(79547771, 'Thalia Fahrenbach', '759 Jenifer Road', 216190, '1954-03-28', 'tfahrenbach8i@mozilla.org', 'M2536'),
(79602912, 'Mitchell Haley', '9 Stoughton Crossing', 749399, '1985-10-01', 'mhaleyy@networkadvertising.org', 'S82044J'),
(79609507, 'Cass Frenzl', '231 Killdeer Trail', 932971, '2011-06-16', 'cfrenzl3q@nhs.uk', 'S82442H'),
(79639695, 'Hubert Waywell', '0 Judy Junction', 239411, '1981-12-05', 'hwaywelll6@addthis.com', 'S63042S'),
(79740673, 'Faber Broodes', '092 Green Hill', 915177, '1987-10-13', 'fbroodeso8@multiply.com', 'S06811S'),
(80146204, 'Benoite Batcheldor', '29657 Veith Hill', 188524, '1982-03-24', 'bbatcheldor1u@shutterfly.com', 'Q6581'),
(80181152, 'Ebony Yggo', '737 Burrows Center', 185947, '1992-05-07', 'eyggo1v@nifty.com', 'S52502P'),
(80588549, 'Abbie Marr', '6 Northfield Point', 851771, '1954-11-06', 'amarrb1@google.ru', 'M90639'),
(80744949, 'Almeria Blakeney', '0 Corscot Street', 400380, '2013-10-15', 'ablakeney6s@gmpg.org', 'S35338A'),
(80820306, 'Annadiana Manville', '3 Hoard Alley', 529524, '1954-05-20', 'amanvillepl@cyberchimps.com', 'S32435S'),
(80865986, 'Horst Wallis', '0 Cottonwood Court', 627924, '2000-04-01', 'hwallisjx@examiner.com', 'O299'),
(80892927, 'Toni Arnoult', '7400 Randy Plaza', 601808, '1968-11-23', 'tarnoultqu@yelp.com', 'S29011D'),
(81039319, 'Kelvin Hartly', '17678 Carey Junction', 182727, '1988-06-11', 'khartlyao@unc.edu', 'T3460'),
(81265552, 'Imelda Lamport', '70 Autumn Leaf Trail', 745853, '1965-06-13', 'ilamportp1@blogtalkradio.com', 'S9591'),
(81296209, 'Michelle Tolossi', '730 Canary Crossing', 934158, '1954-06-02', 'mtolossi4i@ifeng.com', 'S76091D'),
(81531900, 'Sebastien Pouton', '67 Pine View Place', 504328, '2004-12-21', 'spoutonjb@answers.com', 'D6832'),
(81561392, 'Rhodie Milington', '5 Logan Drive', 446361, '2000-04-25', 'rmilingtonei@spiegel.de', 'L951'),
(81631174, 'Kinnie Jarritt', '6 Debra Avenue', 443009, '1968-09-14', 'kjarrittgo@hp.com', 'S21159S'),
(81683565, 'Darius Lansdowne', '52 3rd Lane', 135062, '2007-07-04', 'dlansdowneom@baidu.com', 'T20312S'),
(81728119, 'Avrom Ramel', '0394 Mockingbird Pass', 326495, '2013-10-08', 'aramel5r@1und1.de', 'T620X2'),
(81812876, 'Audre Armitt', '6 Dorton Way', 311961, '1963-11-27', 'aarmitta0@yandex.ru', 'M89322'),
(82009973, 'Kipp Maltman', '4 Springs Park', 113291, '1987-07-01', 'kmaltmanmo@lycos.com', 'V414'),
(82131075, 'Earl Haycox', '5 Boyd Terrace', 136957, '1981-12-06', 'ehaycoxcs@ow.ly', 'I340'),
(82144847, 'Zsazsa Brymham', '59963 Golf Plaza', 119903, '1975-02-09', 'zbrymhamdx@weebly.com', 'M948X6'),
(82269758, 'Eliza Reekie', '8 High Crossing Court', 657437, '2007-10-20', 'ereekie4k@unesco.org', 'T81518D'),
(82274756, 'Daven Broadberrie', '27 Sauthoff Plaza', 251124, '1993-02-04', 'dbroadberrie7r@dyndns.org', 'T84127A'),
(82303489, 'Kacie Padula', '0 Stoughton Terrace', 406843, '2003-04-23', 'kpadula66@desdev.cn', 'E8809'),
(82303842, 'Anestassia Giannassi', '4853 Cascade Plaza', 337023, '1957-12-13', 'agiannassimd@globo.com', 'S72323'),
(82319173, 'Bridie Stancer', '40 Coleman Avenue', 975182, '1976-05-03', 'bstancer89@tamu.edu', 'T6307'),
(82358819, 'Herman Pepall', '489 Roxbury Plaza', 368272, '2002-05-12', 'hpepallbf@odnoklassniki.ru', 'S02622'),
(82488751, 'Galina Haggerty', '28 Judy Hill', 136570, '1999-04-02', 'ghaggertyb7@buzzfeed.com', 'S59119'),
(82505069, 'Carmel Arkell', '685 New Castle Street', 770238, '1962-05-17', 'carkellkp@ycombinator.com', 'O2241'),
(82563760, 'Mandy Bartoszinski', '8014 Beilfuss Alley', 285609, '1951-09-22', 'mbartoszinskinl@go.com', 'S7223XF'),
(82580654, 'Ilysa Churching', '3449 Beilfuss Terrace', 431777, '1977-10-03', 'ichurchingcz@cisco.com', 'W369'),
(82666164, 'Holli Earwicker', '51155 Maywood Center', 471435, '1972-10-28', 'hearwickerbq@quantcast.com', 'T23729S'),
(82750785, 'Kordula Pickerin', '5907 Merry Street', 742516, '1961-09-09', 'kpickerincc@mozilla.com', 'W139'),
(82988806, 'Constantine Pyke', '1123 Tomscot Alley', 794367, '1951-08-08', 'cpyke7v@webeden.co.uk', 'Z980'),
(83022164, 'Demetra Wadhams', '360 Miller Junction', 881045, '2010-06-29', 'dwadhamsff@wisc.edu', 'S46922D'),
(83134629, 'Jesselyn Lisett', '40536 Glacier Hill Center', 306882, '1958-02-21', 'jlisettj0@yahoo.co.jp', 'V9330XD'),
(83236009, 'Johnath Featonby', '187 Vermont Junction', 192535, '1994-08-13', 'jfeatonby6@go.com', 'S82446M'),
(83301416, 'Catherin Korneichuk', '7691 Lillian Hill', 714748, '1979-01-29', 'ckorneichuk99@w3.org', 'I87339'),
(83322495, 'Georges Eul', '7908 2nd Plaza', 609317, '2000-02-10', 'geulpy@vinaora.com', 'S91136D'),
(83438504, 'Pepi Penney', '8198 Lien Circle', 591830, '1956-02-26', 'ppenney46@whitehouse.gov', 'Z770'),
(83600159, 'Georgette Deners', '95855 Westerfield Court', 541824, '1970-08-20', 'gdenersct@dagondesign.com', 'S06345D'),
(83720901, 'Flossi Arias', '92 Prentice Way', 452993, '1951-09-11', 'farias3f@amazon.co.jp', 'K08530'),
(83856286, 'Erika Massard', '07264 Stuart Center', 989365, '1965-02-20', 'emassard4l@marketwatch.com', 'S56426D'),
(83897852, 'Egon Kneller', '2 Sherman Parkway', 225993, '1953-10-27', 'eknellerl5@elpais.com', 'S46092S'),
(84006647, 'Nerty Rickasse', '18326 Veith Place', 956130, '1978-11-20', 'nrickasse68@ca.gov', 'T23291A'),
(84279317, 'Warde Kick', '28359 Goodland Court', 905473, '1982-10-15', 'wkicknn@chron.com', 'S52502D'),
(84495191, 'Rudolf Sowman', '5 Old Shore Lane', 753982, '1962-07-27', 'rsowmanl9@vinaora.com', 'T84111'),
(84564533, 'Jervis Colicot', '00 Birchwood Center', 183712, '1987-10-02', 'jcolicotoi@360.cn', 'T524X2'),
(84680060, 'Chryste Destouche', '4 Morrow Junction', 714140, '1995-08-26', 'cdestouchegl@squarespace.com', 'R008'),
(84853780, 'Coleman Dightham', '86848 Jackson Park', 287999, '1953-08-15', 'cdighthamj3@bluehost.com', 'S62623P'),
(84914339, 'Harbert Grooby', '58 Hoffman Trail', 601715, '2007-01-15', 'hgroobye6@nasa.gov', 'Q928'),
(84933662, 'Alexia Bison', '23803 New Castle Circle', 357876, '1954-06-26', 'abisonb8@reverbnation.com', 'O361912'),
(85077435, 'Dniren Flag', '3 West Plaza', 246279, '1958-08-10', 'dflaggu@multiply.com', 'V499'),
(85107662, 'Ber Derkes', '15 Oak Avenue', 601614, '1951-11-15', 'bderkes9m@ucsd.edu', 'Q434'),
(85190332, 'Jim Batkin', '6 Toban Alley', 451043, '2010-04-14', 'jbatkin8a@nationalgeographic.com', 'S76829S'),
(85198889, 'Dulci Anthill', '21122 Crowley Plaza', 196419, '1954-08-18', 'danthill4d@blogger.com', 'S42465K'),
(85294654, 'Heidie Sherlock', '989 Marquette Plaza', 322193, '2005-08-19', 'hsherlock2y@unicef.org', 'R8789'),
(85338679, 'Brandy Thomel', '2043 Dottie Lane', 864542, '2012-08-31', 'bthomelan@hubpages.com', 'T8781'),
(85385789, 'Kitti Kienle', '623 Del Mar Road', 487784, '1965-01-19', 'kkienle6f@ezinearticles.com', 'S82452S'),
(85809890, 'Martie Bidgod', '81888 Stoughton Street', 877005, '2006-12-12', 'mbidgodi9@redcross.org', 'I82523'),
(86369754, 'Malena Naisbet', '65948 Canary Alley', 469734, '1957-09-03', 'mnaisbet7q@howstuffworks.com', 'O26829'),
(86369952, 'Cecilia Waleran', '4 Carioca Point', 879306, '1987-07-02', 'cwalerano9@ibm.com', 'M08251'),
(86437836, 'Jamill Molineux', '1082 Southridge Pass', 222447, '1979-10-14', 'jmolineux5k@behance.net', 'S96121'),
(86470635, 'Oswald Treske', '93394 Heffernan Circle', 385502, '1993-07-31', 'otreske1z@printfriendly.com', 'T22391D'),
(86667850, 'Andrea Whittingham', '1570 Sycamore Hill', 727999, '1996-07-06', 'awhittingham1s@livejournal.com', 'W2105XA'),
(86705776, 'Aurelea Hayen', '99841 Leroy Center', 989104, '1959-02-17', 'ahayen8r@archive.org', 'T8640'),
(86712198, 'Link Kobu', '9432 Del Mar Park', 748960, '1954-01-23', 'lkobu9x@xing.com', 'S43159D'),
(86717542, 'Gussi Heakins', '241 Barby Point', 904988, '1953-11-15', 'gheakinspz@gnu.org', 'H21213'),
(86761271, 'Eziechiele Velareal', '87 Red Cloud Junction', 187522, '1973-08-23', 'evelareallq@goodreads.com', 'S62653G'),
(86767283, 'Joell O\'Sherrin', '95606 Clove Way', 301026, '1952-10-13', 'josherring5@vkontakte.ru', 'S92301A'),
(86779733, 'Rocky Rawet', '5879 Loeprich Circle', 876892, '1968-06-21', 'rraweto3@last.fm', 'Q231'),
(86786710, 'Rasla Pottes', '9 Heffernan Trail', 442263, '1992-01-23', 'rpottesaf@hp.com', 'S82302P'),
(87079033, 'Dela Ogborn', '8576 Esch Way', 101406, '1954-11-11', 'dogborn6u@toplist.cz', 'S6351'),
(87160857, 'Bowie Alyokhin', '70 Melvin Center', 634741, '1997-04-18', 'balyokhin5c@state.tx.us', 'K5081'),
(87388523, 'Jermain Dono', '95878 Mifflin Circle', 626313, '1950-05-10', 'jdonos@wikia.com', 'S06896S'),
(87503699, 'Daveta Pucker', '479 High Crossing Drive', 663958, '1979-11-06', 'dpucker1k@oracle.com', 'S00251S'),
(87563240, 'Mellicent Gaitskell', '63090 Parkside Court', 912061, '1996-04-04', 'mgaitskellhs@alibaba.com', 'S52092K'),
(87814873, 'Dory Hatton', '99643 6th Junction', 393607, '1983-10-30', 'dhattonnd@cyberchimps.com', 'S1012XD'),
(87845744, 'Leilah Wurst', '1 Johnson Center', 235494, '2009-02-10', 'lwurstq7@ox.ac.uk', 'H4312'),
(87937836, 'Martino Muncey', '3 Bay Parkway', 808899, '1965-01-25', 'mmunceygq@youtu.be', 'S62365D'),
(87972843, 'Rey Hanselmann', '1 Moulton Hill', 876309, '1950-03-21', 'rhanselmanni0@discovery.com', 'T411X1A'),
(88032731, 'Linnell Colls', '82 Maple Terrace', 816409, '1986-02-02', 'lcolls2z@blogspot.com', 'S93525'),
(88278023, 'Kelvin Plaunch', '64 Mccormick Terrace', 401180, '2001-10-25', 'kplaunch3i@example.com', 'M89252'),
(88548229, 'Tove Allred', '237 Buena Vista Junction', 253070, '1976-12-20', 'tallredka@zdnet.com', 'S42221B'),
(88561920, 'Marabel Rowcliffe', '31063 Dorton Lane', 828764, '1995-07-11', 'mrowcliffeiv@trellian.com', 'M8454'),
(88590683, 'Reggy Brant', '4 Cordelia Center', 158093, '2011-09-30', 'rbrantcl@posterous.com', 'T7421'),
(88656297, 'Fredra Clemmitt', '79 John Wall Park', 246927, '1978-01-18', 'fclemmittah@cmu.edu', 'T2141'),
(88781817, 'Richie Lesley', '026 Hovde Circle', 314046, '2007-04-27', 'rlesleyfn@clickbank.net', 'M24451'),
(88919194, 'Eada Vines', '34 Corscot Trail', 186561, '2002-04-30', 'evinesp9@wp.com', 'S6430XS'),
(88963278, 'Giffer Lumsdale', '9 Packers Place', 246372, '1983-09-24', 'glumsdale24@china.com.cn', 'S82134G'),
(89010219, 'Bridie Pickervance', '25 Kings Circle', 667729, '2012-08-04', 'bpickervanceal@upenn.edu', 'S75012A'),
(89027495, 'Hyacinthie Bradnock', '4762 Dottie Junction', 290443, '2005-02-19', 'hbradnockjf@phpbb.com', 'T452X5D'),
(89076415, 'Peyton Jorry', '40 Talmadge Parkway', 946930, '2013-05-10', 'pjorrynf@ow.ly', 'L499'),
(89255751, 'Alphonse Blackley', '56594 Park Meadow Terrace', 830674, '1997-03-22', 'ablackley8h@e-recht24.de', 'X0821XS'),
(89335217, 'Georgie De Vile', '15336 Becker Street', 585871, '1983-11-11', 'gdela@cocolog-nifty.com', 'A4851'),
(89416576, 'Vivian Thick', '454 Blaine Trail', 959856, '2007-12-05', 'vthick3@home.pl', 'M8000XA'),
(89451889, 'Casey Liptrot', '04736 Lakewood Hill', 154340, '1979-10-25', 'cliptrotm0@unc.edu', 'V9023XD'),
(89516308, 'Xenos McGilroy', '82 Merry Court', 570778, '1982-05-03', 'xmcgilroyln@newyorker.com', 'H461'),
(89563214, 'Monika Serris', '14516 Goodland Trail', 650303, '1979-08-22', 'mserrisoo@delicious.com', 'H04331'),
(89576727, 'Mason Tynan', '5 Shopko Road', 796317, '1975-05-21', 'mtynanbs@vkontakte.ru', 'S20119D'),
(89838510, 'Teresa Beharrell', '507 Walton Court', 326165, '1975-08-05', 'tbeharrell87@vimeo.com', 'S42456A'),
(89952603, 'Kirbie Sammon', '26134 Oakridge Plaza', 129735, '1950-08-30', 'ksammon6b@ning.com', 'S43394D'),
(89976843, 'Lorin Bringloe', '4 Claremont Pass', 380641, '1997-08-29', 'lbringloe4u@hexun.com', 'S81809A'),
(90033910, 'Dela Yeskin', '57 Schurz Lane', 250895, '1952-05-19', 'dyeskinq1@desdev.cn', 'T22232A'),
(90048140, 'Xaviera Cattermoul', '574 Linden Hill', 764826, '1995-10-11', 'xcattermoul82@example.com', 'S89291P'),
(90201582, 'Humfrid Lamp', '60 Dryden Alley', 191118, '1953-11-01', 'hlampb4@go.com', 'D0471'),
(90269470, 'Broddy Proschke', '8286 Almo Circle', 372775, '1982-02-09', 'bproschke70@amazon.com', 'L89210'),
(90290098, 'Desmund Gludor', '98 Russell Trail', 576780, '1987-04-08', 'dgludorfj@nytimes.com', 'S63319'),
(90380699, 'Willy Maly', '5128 Cordelia Junction', 396228, '1998-09-23', 'wmaly2m@ibm.com', 'H1612'),
(90402723, 'Weidar Millis', '306 Pepper Wood Pass', 676130, '1964-04-29', 'wmillish5@multiply.com', 'S82116D'),
(90573072, 'Cherilyn Masding', '760 Butternut Trail', 703295, '1959-02-05', 'cmasdingu@typepad.com', 'S91259A'),
(90703280, 'Izabel Endrizzi', '87 Morrow Street', 193424, '2002-01-18', 'iendrizzic7@hubpages.com', 'H4051'),
(91060403, 'Otis Ends', '8 Mallory Lane', 344817, '2012-10-26', 'oends8z@alibaba.com', 'S00249D'),
(91129605, 'Pammy Habbergham', '03502 Donald Road', 747214, '1956-08-20', 'phabberghameu@paginegialle.it', 'D829'),
(91193704, 'Augustin Swanston', '69318 Victoria Lane', 648242, '1981-08-07', 'aswanstonr8@hao123.com', 'F1910'),
(91266955, 'Van Abelson', '7 Schurz Hill', 199049, '1955-08-06', 'vabelsonef@dailymail.co.uk', 'S92252G'),
(91301886, 'Lindsay Leyshon', '33 Lakewood Park', 996317, '1965-04-30', 'lleyshonkd@virginia.edu', 'T505X5A'),
(91394450, 'Maribelle Trahearn', '6 3rd Crossing', 937919, '1954-07-12', 'mtrahearnz@tmall.com', 'T5394XA'),
(91412606, 'Leigh Robilliard', '74 Eagan Lane', 368946, '1970-10-17', 'lrobilliardps@usgs.gov', 'T22691D'),
(91570649, 'Manfred Phuprate', '9 Becker Point', 427734, '2013-08-09', 'mphupratelc@ft.com', 'T497X1S'),
(91597608, 'Beltran Aers', '51313 International Park', 620539, '1949-11-21', 'baersgc@indiatimes.com', 'V73'),
(91668629, 'Elana Margeram', '45 Havey Road', 223388, '1967-01-18', 'emargeramk2@toplist.cz', 'S56191S'),
(91751409, 'Clarissa Senescall', '7306 Jay Pass', 936549, '1987-10-28', 'csenescallhk@nymag.com', 'S336'),
(91803535, 'Davis Padley', '64755 Continental Alley', 337528, '2013-04-06', 'dpadleygg@tripod.com', 'T43025S'),
(91856009, 'Silvester Worsnap', '823 Reindahl Trail', 501036, '1989-11-12', 'sworsnapno@t.co', 'S93133'),
(91951530, 'Betsey Lorait', '01 Hintze Pass', 353855, '1957-03-06', 'bloraite8@bbb.org', 'T373X1S'),
(91981025, 'Anne-corinne Bratley', '73480 Everett Plaza', 564863, '1949-05-10', 'abratleymh@skyrock.com', 'S92516K'),
(92122763, 'Dion Parmley', '950 Claremont Crossing', 139866, '1978-12-20', 'dparmleyab@t-online.de', 'S12491G'),
(92162007, 'Philis Rainger', '69 Kennedy Lane', 377793, '1996-04-24', 'praingerdu@skyrock.com', 'M84369S'),
(92228210, 'Lorette Woollin', '55500 Forest Run Point', 458066, '2003-01-30', 'lwoollinpo@livejournal.com', 'S4680'),
(92234083, 'Simona Toderi', '3 Drewry Hill', 620509, '1976-02-02', 'stoderi8d@newyorker.com', 'W5629XA'),
(92481936, 'Patrizia Samsin', '46711 Sloan Hill', 789123, '1979-05-06', 'psamsinpc@meetup.com', 'M85329'),
(92514631, 'Silvanus Castro', '3 Harbort Crossing', 157636, '1983-06-16', 'scastroh@arizona.edu', 'S82222'),
(92595710, 'Clio Tadgell', '98 Crownhardt Alley', 665404, '1982-09-28', 'ctadgell5a@wunderground.com', 'V730XXD'),
(92646014, 'Janetta Yansons', '1 Harbort Point', 349430, '1961-09-26', 'jyansonsnq@amazon.co.jp', 'T22741S'),
(92718960, 'Antonie Wace', '39 Porter Terrace', 113537, '1992-03-08', 'awace1i@artisteer.com', 'M25769'),
(92918335, 'Waite Martland', '39 Eliot Plaza', 628209, '2009-03-09', 'wmartlandrm@barnesandnoble.com', 'M7041'),
(92949213, 'Shermy Sherr', '8809 Boyd Street', 873154, '2002-01-12', 'ssherrg4@dailymotion.com', 'S01319A'),
(92966867, 'Garret Meriton', '37 Crest Line Place', 295459, '1972-09-17', 'gmeritonaw@cornell.edu', 'T8112XA'),
(93084705, 'Francklyn Wellan', '2 Clarendon Road', 847642, '2004-02-21', 'fwellane@home.pl', 'V9336'),
(93401533, 'Chadwick Saladine', '57 Shopko Center', 596042, '2008-08-31', 'csaladine91@apple.com', 'T6591'),
(93516151, 'Justus East', '04307 Kings Alley', 221209, '2006-10-03', 'jeastft@edublogs.org', 'A31'),
(93547020, 'Samantha Howse', '5 Scoville Lane', 382550, '1951-06-23', 'showse9r@ucsd.edu', 'T600X2A'),
(93624621, 'Jeri Osborne', '734 Packers Avenue', 413997, '2000-05-15', 'josborne6x@facebook.com', 'S89149P'),
(93704093, 'Rodolph McReynolds', '776 Mendota Point', 241618, '1961-04-30', 'rmcreynoldsr1@ustream.tv', 'W300XXD'),
(93920977, 'Mada Stollsteiner', '4376 Center Junction', 381482, '1951-04-01', 'mstollsteinerjp@census.gov', 'S52622A'),
(94173902, 'Wolfie Pottery', '47 Linden Pass', 858345, '1990-01-09', 'wpottery13@fastcompany.com', 'T5792XS'),
(94294985, 'Gordan McAirt', '613 Eastwood Circle', 792432, '1970-06-17', 'gmcairt7d@nbcnews.com', 'S21152'),
(94349148, 'Missie Mcettrick', '687 Evergreen Circle', 827272, '1991-07-01', 'mmcettrickkl@chron.com', 'S90511A');
INSERT INTO `patient` (`HealthCardNumber`, `PatientName`, `Address`, `PostalCode`, `DOB`, `EmailAddress`, `MedicalHistory`) VALUES
(94349555, 'Hunfredo Franceschino', '97603 Derek Parkway', 603796, '1949-08-19', 'hfranceschinodw@mtv.com', 'D099'),
(94394422, 'Emmie Czajkowska', '76194 Manley Drive', 141526, '1970-10-05', 'eczajkowskalp@yelp.com', 'S22061'),
(94507083, 'Caty Mc Coughan', '8 Quincy Parkway', 669985, '1951-07-05', 'cmcou@ucla.edu', 'S023'),
(94604218, 'Sadye Collomosse', '4 Walton Terrace', 338193, '1958-11-10', 'scollomosseja@admin.ch', 'T40696D'),
(94625567, 'Lilla Grosvenor', '63 Buhler Point', 422196, '1995-01-31', 'lgrosvenord0@mozilla.org', 'S52044A'),
(94714779, 'Mirella Fairhead', '1 Sutherland Alley', 283698, '1992-07-08', 'mfairheadh6@smh.com.au', 'O29293'),
(94829409, 'Mandie Jarvis', '82 Quincy Hill', 939780, '1993-02-14', 'mjarvisrn@jigsy.com', 'M02349'),
(94952255, 'Ber McLukie', '831 Ilene Parkway', 258968, '1955-09-28', 'bmclukie10@jiathis.com', 'S52562D'),
(94971558, 'Alfy Teape', '0767 Clemons Avenue', 474498, '1960-12-18', 'ateapelb@theglobeandmail.com', 'S061X3S'),
(95051463, 'Zuzana Kemitt', '5 Leroy Terrace', 942478, '1966-07-08', 'zkemitt2q@prlog.org', 'M2323'),
(95053467, 'Afton Bryan', '208 Jay Crossing', 403133, '2006-11-27', 'abryanbj@upenn.edu', 'S46992D'),
(95139072, 'Duffy Kulvear', '58980 Debra Terrace', 504494, '1965-07-26', 'dkulvearaa@google.com.hk', 'T22722D'),
(95273019, 'Elsbeth Eakens', '7 Duke Road', 881012, '2012-10-22', 'eeakenslm@foxnews.com', 'M66861'),
(95464380, 'Godart Perllman', '689 Park Meadow Parkway', 992252, '1977-08-17', 'gperllman4e@tuttocitta.it', 'S12400B'),
(95506904, 'Giustina Yuryaev', '1786 7th Pass', 697481, '1953-05-28', 'gyuryaevjl@angelfire.com', 'M24331'),
(95565641, 'Mandie Astle', '63 Novick Terrace', 381508, '1967-09-25', 'mastlema@bloglines.com', 'W461XXD'),
(95611910, 'Boy Rief', '207 Corscot Pass', 708378, '2008-05-29', 'briefmk@twitpic.com', 'E7429'),
(95639011, 'Antin Poulney', '013 Hauk Avenue', 931022, '1960-08-11', 'apoulneym1@biglobe.ne.jp', 'S8184'),
(95647466, 'Emanuele Dann', '7 Swallow Avenue', 669566, '1998-02-05', 'edann38@reverbnation.com', 'V97'),
(95776652, 'Jesse Heeps', '343 Springview Drive', 901208, '1957-06-04', 'jheeps6z@dmoz.org', 'T3794XD'),
(96082112, 'Kit Devany', '3872 Butterfield Junction', 470418, '1969-04-26', 'kdevanygt@cpanel.net', 'M0808'),
(96352328, 'Claresta MacCallum', '49 Mallory Junction', 366212, '1972-10-23', 'cmaccallumh8@woothemes.com', 'S0269XK'),
(96356681, 'Gayle Lydster', '19005 Thierer Hill', 281463, '2007-07-23', 'glydsternw@github.com', 'T191XXA'),
(96526712, 'Shanda Shorten', '47078 Schmedeman Place', 316347, '1996-05-31', 'sshortenks@nasa.gov', 'T84122D'),
(96543279, 'Milissent Yearns', '1 Lien Terrace', 573477, '2010-09-07', 'myearnsnb@usnews.com', 'S31651A'),
(96570122, 'Constancia Laugheran', '42 Schiller Terrace', 890217, '1989-02-03', 'claugheranik@google.ru', 'T63324A'),
(96581167, 'Lula Andryszczak', '24801 Truax Lane', 896439, '1963-04-20', 'landryszczakn5@salon.com', 'V9086XS'),
(96597132, 'Raina Beert', '48 Sachs Road', 928759, '1977-08-06', 'rbeertam@arizona.edu', 'S92401G'),
(96632052, 'Shandeigh Hemshall', '8 Towne Lane', 825417, '1991-02-25', 'shemshall15@topsy.com', 'S92423B'),
(96661862, 'Cleve Collyer', '30005 Katie Center', 281748, '2002-07-27', 'ccollyer4@taobao.com', 'V770XXD'),
(96733568, 'Michaela Scottrell', '70 Summit Trail', 359130, '1956-02-18', 'mscottrell5o@timesonline.co.uk', 'X58XXXA'),
(96749071, 'Armin Brasse', '804 Namekagon Hill', 861487, '2009-11-26', 'abrassecx@psu.edu', 'S92065A'),
(96802161, 'Stu Chippendale', '54 Raven Park', 683122, '1951-02-19', 'schippendaled@cam.ac.uk', 'S82026A'),
(96804530, 'Malchy Allin', '00 Melody Place', 654548, '1959-11-12', 'mallin8x@w3.org', 'S71109'),
(97169109, 'Maria Flaxman', '166 Susan Terrace', 274170, '1966-04-01', 'mflaxman79@gnu.org', 'T466X4'),
(97297864, 'Gretel Flanagan', '5061 Michigan Hill', 611713, '1972-11-14', 'gflanagan9y@pen.io', 'A39'),
(97410659, 'Aldous Bullion', '9732 Hudson Terrace', 782986, '1986-10-15', 'abullionow@deliciousdays.com', 'S82016'),
(97501023, 'Sansone Tilt', '540 Corry Plaza', 716881, '2000-06-17', 'stiltj6@marketwatch.com', 'S01451A'),
(97550998, 'Consuelo Tibald', '2 Morrow Center', 305279, '1978-04-29', 'ctibaldt@51.la', 'M0626'),
(97584386, 'Genevieve Isson', '838 Ronald Regan Trail', 171541, '1977-05-28', 'gisson72@bandcamp.com', 'S92503B'),
(97614056, 'Jody Broscombe', '5 Melvin Center', 893038, '1999-09-03', 'jbroscombeqa@ebay.co.uk', 'T408X2A'),
(97641080, 'Hammad Jaher', '0911 Glendale Trail', 363039, '1953-12-21', 'hjaherjr@businessinsider.com', 'S99192K'),
(97798924, 'Garv Thrush', '623 Transport Terrace', 791117, '2004-10-29', 'gthrushp7@sun.com', 'W15XXXA'),
(97904189, 'Fredrick Bannon', '94812 Nevada Parkway', 748546, '2009-07-19', 'fbannonen@samsung.com', 'V4352XA'),
(97969447, 'Lenee Feria', '415 Heffernan Point', 687881, '2010-01-25', 'lferia7w@friendfeed.com', 'N065'),
(97977233, 'Bianca Norrey', '3423 Scoville Junction', 886525, '1971-07-25', 'bnorreyp2@phpbb.com', 'O4442'),
(98175454, 'Cobb Bewlay', '1169 Vidon Trail', 495827, '1995-07-22', 'cbewlaycu@cmu.edu', 'S2316'),
(98243107, 'Walker Musso', '2756 Meadow Ridge Center', 545780, '1955-01-27', 'wmussoqh@multiply.com', 'M80031S'),
(98389340, 'Burch Joan', '66587 Bonner Drive', 200469, '1951-04-17', 'bjoanlj@theatlantic.com', 'S61141S'),
(98509223, 'Shalne Kittoe', '40304 Dottie Place', 104811, '1985-01-04', 'skittoe2u@mozilla.org', 'C8107'),
(98561542, 'Kain Critchlow', '9 Stoughton Drive', 368152, '2000-08-30', 'kcritchlowr4@xing.com', 'S72025'),
(98601947, 'Glyn Baccas', '41960 Prairieview Way', 799547, '1999-09-17', 'gbaccasjo@stumbleupon.com', 'H26019'),
(98605570, 'Zane McKleod', '37 Talmadge Way', 929831, '1977-10-08', 'zmckleodid@va.gov', 'V272'),
(98897420, 'Maxim Warrior', '173 Cardinal Terrace', 160939, '1975-08-08', 'mwarriorl1@networksolutions.com', 'S82243E'),
(98950664, 'Killian Embury', '8735 Dixon Point', 519911, '1962-10-21', 'kemburycf@state.gov', 'B9730'),
(98968052, 'Sheila-kathryn Bumpas', '30 Farmco Alley', 225620, '1955-06-09', 'sbumpasp3@boston.com', 'S46222D'),
(99105653, 'Kaia Andreuzzi', '99527 Mandrake Alley', 111466, '1993-01-13', 'kandreuzzifq@lulu.com', 'O0480'),
(99175327, 'Alexander Gransden', '6289 Wayridge Pass', 808662, '1963-11-05', 'agransden9o@blogtalkradio.com', 'T22412S'),
(99287560, 'Kevin Jeeves', '10260 Kedzie Lane', 806531, '1968-01-27', 'kjeevesje@mapquest.com', 'M898X2'),
(99316117, 'Cobbie Crocken', '667 Redwing Lane', 323525, '1970-03-14', 'ccrockena9@technorati.com', 'S72325C'),
(99357296, 'Clarine Kentwell', '32890 Cordelia Junction', 612082, '1986-12-05', 'ckentwellj4@foxnews.com', 'Z77010'),
(99377674, 'Elsbeth Lambertz', '5 Springview Crossing', 585245, '2012-08-24', 'elambertzp4@myspace.com', 'T23649'),
(99564119, 'Max Timby', '03513 Petterle Circle', 492195, '1959-10-09', 'mtimby2v@cnbc.com', 'N759'),
(99631289, 'Constantino Devennie', '71455 Moose Pass', 111754, '1981-09-17', 'cdevennieku@github.io', 'S63133D'),
(99631979, 'Denis Huckabe', '29457 Pankratz Way', 227902, '1992-11-30', 'dhuckabe6p@storify.com', 'T43606D'),
(99708172, 'Skelly Vedeshkin', '94016 Holmberg Plaza', 699906, '1971-06-09', 'svedeshkinkw@icq.com', 'T23169D'),
(99727723, 'Yasmeen Vennings', '536 Mifflin Parkway', 921343, '2010-10-07', 'yvennings4x@chicagotribune.com', 'T8582'),
(99733911, 'Agathe Wadge', '24 Clyde Gallagher Junction', 817186, '1982-05-23', 'awadge48@privacy.gov.au', 'S72051E'),
(99810092, 'Annabel McGaughie', '5 Iowa Plaza', 944199, '1953-06-07', 'amcgaughiea@hubpages.com', 'P03819'),
(99849833, 'Nessi Maliffe', '59 Columbus Lane', 847318, '1990-08-31', 'nmaliffehn@businessinsider.com', 'S82126E'),
(99851190, 'Danella Edds', '462 Kedzie Crossing', 426901, '1988-11-06', 'dedds35@cmu.edu', 'S91115A'),
(99869569, 'Gabriell Colquit', '45507 Loftsgordon Way', 960974, '2000-10-23', 'gcolquitc9@bbc.co.uk', 'S72323'),
(99881976, 'Veradis Noddle', '8124 Hagan Lane', 644670, '1992-07-07', 'vnoddleoz@clickbank.net', 'S82851R');



INSERT INTO `appointment` (`AppointmentID`, `PatientHealthNumber`, `DateOfAppointment`, `TimeOfAppointment`, `DoseNumber`) VALUES
(1, 37453438, '2021-02-25', '10:33:44', 1),
(2, 69644244, '2021-06-07', '08:20:07', 1),
(3, 35965259, '2021-07-26', '11:55:13', 1),
(4, 89416576, '2021-07-01', '03:01:04', 1),
(5, 96661862, '2021-05-12', '12:23:03', 1),
(6, 14111507, '2021-06-01', '08:53:13', 1),
(7, 83236009, '2021-07-01', '05:02:04', 1),
(8, 1502081, '2021-07-25', '04:42:16', 1),
(9, 66437976, '2021-05-17', '11:18:33', 1),
(10, 42063236, '2021-03-01', '09:41:57', 1),
(11, 99810092, '2021-06-03', '04:03:10', 1),
(12, 49664571, '2021-06-24', '08:01:57', 1),
(13, 7161511, '2021-07-13', '05:49:08', 1),
(14, 96802161, '2021-04-16', '12:11:48', 1),
(15, 93084705, '2021-06-09', '08:37:17', 1),
(16, 20488559, '2021-06-28', '12:14:44', 1),
(17, 8049686, '2021-07-28', '06:42:00', 1),
(18, 92514631, '2021-03-07', '08:52:03', 1),
(19, 49599785, '2021-07-19', '08:55:33', 1),
(20, 23191762, '2021-03-22', '07:47:46', 1),
(21, 12270107, '2021-05-19', '01:36:51', 1),
(22, 21166963, '2021-05-30', '09:25:31', 1),
(23, 23170315, '2021-03-08', '10:44:24', 1),
(24, 23572083, '2021-05-03', '06:06:15', 1),
(25, 21006226, '2021-03-12', '09:08:48', 1),
(26, 26555369, '2021-05-02', '06:41:12', 1),
(27, 14947568, '2021-06-28', '06:05:56', 1),
(28, 32295301, '2021-06-12', '08:12:28', 1),
(29, 87388523, '2021-03-11', '08:27:06', 1),
(30, 97550998, '2021-06-29', '08:02:51', 1),
(31, 90573072, '2021-06-14', '08:09:46', 1),
(32, 36275766, '2021-03-04', '09:21:48', 1),
(33, 43372770, '2021-05-12', '06:18:49', 1),
(34, 43449042, '2021-04-22', '05:57:30', 1),
(35, 79602912, '2021-03-17', '09:40:15', 1),
(36, 91394450, '2021-04-23', '01:10:16', 1),
(37, 94952255, '2021-04-13', '12:23:27', 1),
(38, 21968061, '2021-02-26', '02:44:01', 1),
(39, 72714533, '2021-07-03', '08:18:24', 1),
(40, 94173902, '2021-03-29', '08:15:42', 1),
(41, 25345062, '2021-04-25', '01:10:35', 1),
(42, 96632052, '2021-06-15', '07:56:55', 1),
(43, 35618697, '2021-04-28', '04:21:52', 1),
(44, 23530777, '2021-04-29', '05:56:30', 1),
(45, 13689300, '2021-05-27', '08:33:54', 1),
(46, 23193157, '2021-05-17', '02:00:59', 1),
(47, 4603826, '2021-07-26', '09:09:09', 1),
(48, 55706773, '2021-02-27', '10:45:21', 1),
(49, 49923901, '2021-03-23', '08:28:00', 1),
(50, 29486272, '2021-04-25', '01:01:10', 1),
(51, 54623341, '2021-05-21', '06:02:20', 1),
(52, 71075215, '2021-06-21', '03:41:44', 1),
(53, 54839051, '2021-03-11', '10:52:12', 1),
(54, 76114921, '2021-07-22', '05:01:58', 1),
(55, 92718960, '2021-06-05', '09:10:24', 1),
(56, 1789173, '2021-07-14', '03:07:43', 1),
(57, 87503699, '2021-02-23', '06:15:34', 1),
(58, 23916513, '2021-07-03', '05:03:59', 1),
(59, 3696862, '2021-04-27', '02:21:08', 1),
(60, 14999290, '2021-05-02', '07:25:44', 1),
(61, 8133871, '2021-07-27', '06:16:59', 1),
(62, 76496414, '2021-05-09', '08:49:30', 1),
(63, 39382306, '2021-03-28', '06:11:54', 1),
(64, 75982516, '2021-05-23', '04:58:55', 1),
(65, 86667850, '2021-07-29', '06:42:21', 1),
(66, 8318815, '2021-06-09', '07:38:53', 1),
(67, 80146204, '2021-04-26', '11:18:49', 1),
(68, 80181152, '2021-03-20', '09:21:13', 1),
(69, 9940043, '2021-06-09', '02:07:52', 1),
(70, 18247412, '2021-06-09', '12:18:46', 1),
(71, 76092653, '2021-06-21', '10:09:43', 1),
(72, 86470635, '2021-03-18', '09:02:48', 1),
(73, 43583272, '2021-07-18', '07:57:46', 1),
(74, 2511777, '2021-02-28', '03:17:36', 1),
(75, 24393591, '2021-05-02', '10:37:35', 1),
(76, 11173781, '2021-07-02', '06:55:59', 1),
(77, 88963278, '2021-03-02', '03:53:21', 1),
(78, 29542557, '2021-04-20', '08:03:10', 1),
(79, 46354514, '2021-06-03', '07:45:42', 1),
(80, 44197589, '2021-06-12', '12:33:50', 1),
(81, 11491228, '2021-06-15', '08:54:39', 1),
(82, 46001773, '2021-03-25', '08:27:20', 1),
(83, 1455104, '2021-03-15', '01:26:20', 1),
(84, 57529969, '2021-04-29', '08:52:00', 1),
(85, 11966365, '2021-04-09', '09:40:29', 1),
(86, 71430020, '2021-03-15', '09:48:03', 1),
(87, 77487795, '2021-05-14', '07:05:16', 1),
(88, 49680957, '2021-03-12', '08:00:42', 1),
(89, 20410707, '2021-03-16', '05:49:12', 1),
(90, 14942066, '2021-06-24', '06:48:17', 1),
(91, 6230705, '2021-03-09', '01:58:46', 1),
(92, 28022873, '2021-06-19', '10:51:06', 1),
(93, 70265108, '2021-07-30', '09:46:53', 1),
(94, 16791557, '2021-04-25', '07:43:45', 1),
(95, 90380699, '2021-04-27', '08:35:29', 1),
(96, 49912668, '2021-05-31', '09:45:24', 1),
(97, 28219145, '2021-05-17', '03:06:19', 1),
(98, 23731700, '2021-07-12', '08:45:44', 1),
(99, 95051463, '2021-06-07', '02:46:37', 1),
(100, 16014591, '2021-03-25', '12:46:38', 1),
(101, 30444744, '2021-04-23', '09:56:53', 1),
(102, 35710256, '2021-07-25', '06:06:44', 1),
(103, 98509223, '2021-06-20', '02:56:02', 1),
(104, 99564119, '2021-03-18', '03:38:17', 1),
(105, 67602858, '2021-05-29', '08:47:54', 1),
(106, 65064613, '2021-05-03', '08:28:52', 1),
(107, 85294654, '2021-07-09', '03:48:33', 1),
(108, 88032731, '2021-04-02', '10:59:35', 1),
(109, 73221041, '2021-07-11', '05:26:54', 1),
(110, 31016792, '2021-07-05', '04:32:49', 1),
(111, 76540508, '2021-07-07', '01:38:38', 1),
(112, 48941432, '2021-06-29', '10:19:46', 1),
(113, 25187707, '2021-07-30', '10:59:23', 1),
(114, 99851190, '2021-04-27', '07:49:12', 1),
(115, 61124706, '2021-07-15', '09:44:44', 1),
(116, 62376369, '2021-06-16', '01:55:21', 1),
(117, 95647466, '2021-07-24', '04:54:00', 1),
(118, 34858691, '2021-03-28', '01:48:00', 1),
(119, 41670865, '2021-05-03', '09:37:48', 1),
(120, 68881535, '2021-07-03', '11:50:22', 1),
(121, 12167609, '2021-05-08', '09:06:45', 1),
(122, 22415477, '2021-04-22', '06:35:48', 1),
(123, 9545391, '2021-03-11', '09:44:01', 1),
(124, 83720901, '2021-03-31', '09:25:37', 1),
(125, 11019219, '2021-03-28', '03:55:29', 1),
(126, 54828163, '2021-04-27', '11:10:19', 1),
(127, 88278023, '2021-07-27', '05:50:12', 1),
(128, 1928761, '2021-03-10', '06:40:20', 1),
(129, 54338311, '2021-03-02', '02:17:06', 1),
(130, 73593521, '2021-04-09', '09:21:30', 1),
(131, 68587241, '2021-03-30', '05:51:13', 1),
(132, 76889991, '2021-06-09', '08:14:11', 1),
(133, 62673613, '2021-04-26', '11:49:27', 1),
(134, 72927404, '2021-06-12', '10:28:38', 1),
(135, 79609507, '2021-05-21', '04:37:58', 1),
(136, 1662631, '2021-04-21', '10:53:42', 1),
(137, 62835201, '2021-03-25', '03:34:16', 1),
(138, 43031605, '2021-03-03', '08:44:50', 1),
(139, 72609565, '2021-05-08', '03:36:32', 1),
(140, 43515920, '2021-06-13', '04:55:43', 1),
(141, 78502502, '2021-05-09', '08:04:12', 1),
(142, 49519675, '2021-07-08', '11:56:22', 1),
(143, 10350946, '2021-05-23', '08:33:47', 1),
(144, 15832796, '2021-05-30', '08:07:21', 1),
(145, 5349742, '2021-04-15', '09:59:59', 1),
(146, 53276426, '2021-04-05', '09:11:49', 1),
(147, 42807323, '2021-07-13', '07:39:17', 1),
(148, 1665949, '2021-03-05', '12:26:40', 1),
(149, 42711516, '2021-05-25', '04:00:31', 1),
(150, 36722091, '2021-02-28', '08:44:15', 1),
(151, 83438504, '2021-05-16', '11:01:35', 1),
(152, 77379478, '2021-03-04', '08:20:35', 1),
(153, 99733911, '2021-04-02', '05:02:21', 1),
(154, 25991519, '2021-07-17', '08:17:20', 1),
(155, 34764083, '2021-05-16', '08:27:17', 1),
(156, 66744617, '2021-07-10', '02:44:48', 1),
(157, 70161480, '2021-07-17', '02:28:05', 1),
(158, 85198889, '2021-04-14', '09:50:25', 1),
(159, 95464380, '2021-03-05', '09:27:59', 1),
(160, 38284586, '2021-05-24', '09:16:07', 1),
(161, 57726518, '2021-06-19', '07:32:15', 1),
(162, 40389865, '2021-06-22', '11:29:10', 1),
(163, 81296209, '2021-05-04', '03:14:47', 1),
(164, 73062480, '2021-05-26', '06:01:16', 1),
(165, 82269758, '2021-03-09', '05:00:55', 1),
(166, 83856286, '2021-04-14', '08:34:37', 1),
(167, 17263837, '2021-05-17', '06:28:43', 1),
(168, 59459018, '2021-07-09', '08:22:32', 1),
(169, 74428843, '2021-06-24', '10:21:57', 1),
(170, 18865021, '2021-06-02', '08:15:20', 1),
(171, 4018361, '2021-07-12', '04:13:13', 1),
(172, 5106899, '2021-05-07', '07:24:04', 1),
(173, 8191138, '2021-07-24', '09:14:25', 1),
(174, 51033652, '2021-03-01', '08:59:25', 1),
(175, 89976843, '2021-04-02', '12:58:46', 1),
(176, 51594379, '2021-04-28', '03:32:58', 1),
(177, 6625258, '2021-07-30', '11:07:39', 1),
(178, 99727723, '2021-04-02', '07:20:23', 1),
(179, 72129523, '2021-07-27', '06:58:10', 1),
(180, 35205103, '2021-03-24', '08:50:00', 1),
(181, 8291361, '2021-05-19', '01:58:53', 1),
(182, 38453799, '2021-04-01', '01:02:23', 1),
(183, 15758779, '2021-03-10', '11:26:53', 1),
(184, 36523206, '2021-06-09', '04:24:27', 1),
(185, 74630766, '2021-05-31', '05:17:22', 1),
(186, 38769019, '2021-04-16', '11:01:16', 1),
(187, 30361397, '2021-06-28', '07:43:40', 1),
(188, 63122838, '2021-06-18', '04:04:40', 1),
(189, 43913311, '2021-05-21', '05:59:00', 1),
(190, 13212172, '2021-03-26', '11:22:52', 1),
(191, 92595710, '2021-05-01', '01:15:29', 1),
(192, 3642555, '2021-03-30', '10:45:48', 1),
(193, 87160857, '2021-06-04', '08:01:37', 1),
(194, 70761717, '2021-06-21', '02:23:21', 1),
(195, 9577867, '2021-03-24', '07:08:56', 1),
(196, 62278284, '2021-03-14', '06:36:12', 1),
(197, 63455083, '2021-07-12', '12:35:41', 1),
(198, 72262706, '2021-06-08', '03:25:53', 1),
(199, 77367447, '2021-05-14', '08:05:31', 1),
(200, 26699651, '2021-05-05', '08:27:21', 1),
(201, 86437836, '2021-03-08', '04:40:32', 1),
(202, 13927222, '2021-05-24', '01:30:42', 1),
(203, 27644511, '2021-05-26', '05:36:04', 1),
(204, 32861022, '2021-04-28', '08:20:36', 1),
(205, 96733568, '2021-06-28', '01:36:47', 1),
(206, 3507621, '2021-03-03', '03:55:38', 1),
(207, 33456681, '2021-06-05', '01:26:29', 1),
(208, 81728119, '2021-06-28', '08:49:11', 1),
(209, 9432351, '2021-05-20', '09:05:55', 1),
(210, 38019233, '2021-07-24', '07:57:28', 1),
(211, 27165091, '2021-06-14', '10:24:02', 1),
(212, 77791875, '2021-03-20', '12:43:52', 1),
(213, 28898834, '2021-03-18', '12:53:11', 1),
(214, 42033516, '2021-04-18', '07:42:04', 1),
(215, 71314366, '2021-02-26', '05:35:54', 1),
(216, 39000826, '2021-05-30', '02:37:29', 1),
(217, 22391994, '2021-04-10', '04:53:24', 1),
(218, 59321373, '2021-04-13', '04:58:44', 1),
(219, 29328911, '2021-04-16', '09:45:33', 1),
(220, 33568433, '2021-06-26', '04:52:30', 1),
(221, 36942942, '2021-04-26', '02:30:58', 1),
(222, 55938704, '2021-04-05', '04:21:46', 1),
(223, 82303489, '2021-06-29', '10:01:22', 1),
(224, 13535940, '2021-03-26', '05:52:48', 1),
(225, 84006647, '2021-07-30', '04:49:54', 1),
(226, 71930455, '2021-07-16', '04:28:04', 1),
(227, 63236368, '2021-05-13', '04:15:42', 1),
(228, 89952603, '2021-04-01', '08:42:19', 1),
(229, 8469654, '2021-07-28', '02:22:00', 1),
(230, 37103435, '2021-05-03', '03:14:22', 1),
(231, 64645386, '2021-06-13', '09:43:50', 1),
(232, 85385789, '2021-04-24', '01:23:32', 1),
(233, 18165590, '2021-05-10', '10:03:42', 1),
(234, 66750263, '2021-05-13', '03:07:59', 1),
(235, 37264776, '2021-04-15', '02:59:49', 1),
(236, 46181355, '2021-03-07', '12:55:02', 1),
(237, 16532715, '2021-05-13', '09:03:21', 1),
(238, 6330320, '2021-05-13', '03:44:38', 1),
(239, 69638176, '2021-04-29', '06:05:59', 1),
(240, 55261031, '2021-07-15', '02:38:58', 1),
(241, 3429927, '2021-05-09', '08:35:57', 1),
(242, 99631979, '2021-06-17', '10:19:46', 1),
(243, 36996207, '2021-05-24', '01:34:17', 1),
(244, 20659750, '2021-05-08', '05:19:42', 1),
(245, 80744949, '2021-03-14', '09:18:27', 1),
(246, 29777919, '2021-07-17', '09:23:56', 1),
(247, 87079033, '2021-06-24', '09:27:03', 1),
(248, 2939902, '2021-04-15', '09:04:36', 1),
(249, 67835760, '2021-02-26', '02:04:13', 1),
(250, 93624621, '2021-05-08', '09:38:49', 1),
(251, 67797575, '2021-04-05', '03:01:01', 1),
(252, 95776652, '2021-03-21', '11:01:26', 1),
(253, 90269470, '2021-07-03', '09:21:37', 1),
(254, 3263913, '2021-03-22', '07:01:18', 1),
(255, 97584386, '2021-06-27', '05:29:44', 1),
(256, 37020226, '2021-04-30', '12:45:05', 1),
(257, 23170129, '2021-02-24', '12:51:01', 1),
(258, 11066113, '2021-03-08', '10:34:28', 1),
(259, 17920157, '2021-05-18', '12:51:29', 1),
(260, 14231437, '2021-05-08', '06:25:54', 1),
(261, 64230526, '2021-06-18', '12:16:46', 1),
(262, 97169109, '2021-07-04', '05:42:43', 1),
(263, 74175838, '2021-06-24', '06:34:12', 1),
(264, 27154827, '2021-02-27', '11:16:48', 1),
(265, 9262990, '2021-05-14', '11:53:24', 1),
(266, 94294985, '2021-04-22', '11:27:28', 1),
(267, 42311044, '2021-06-13', '10:19:33', 1),
(268, 46187918, '2021-04-03', '03:59:54', 1),
(269, 44753343, '2021-05-17', '10:18:34', 1),
(270, 10405732, '2021-03-26', '09:05:53', 1),
(271, 21693942, '2021-07-17', '02:23:30', 1),
(272, 61387795, '2021-04-19', '08:35:13', 1),
(273, 54943477, '2021-06-08', '02:32:19', 1),
(274, 5781925, '2021-04-23', '01:21:53', 1),
(275, 25786916, '2021-05-26', '11:36:20', 1),
(276, 54531645, '2021-02-28', '02:43:16', 1),
(277, 64309182, '2021-04-14', '08:17:37', 1),
(278, 78250590, '2021-05-12', '11:21:57', 1),
(279, 86369754, '2021-05-25', '01:39:53', 1),
(280, 82274756, '2021-06-27', '09:13:36', 1),
(281, 43699581, '2021-07-08', '12:41:32', 1),
(282, 11975828, '2021-04-16', '02:25:42', 1),
(283, 42345832, '2021-07-12', '08:05:02', 1),
(284, 82988806, '2021-05-24', '09:56:12', 1),
(285, 97969447, '2021-04-26', '05:44:35', 1),
(286, 17199826, '2021-05-16', '08:22:43', 1),
(287, 64941823, '2021-06-22', '03:58:22', 1),
(288, 19974407, '2021-03-02', '02:09:07', 1),
(289, 59200820, '2021-03-11', '02:59:33', 1),
(290, 48507348, '2021-04-29', '10:08:44', 1),
(291, 90048140, '2021-05-31', '03:13:34', 1),
(292, 59787667, '2021-05-24', '01:34:02', 1),
(293, 4939447, '2021-05-27', '09:15:11', 1),
(294, 57379923, '2021-03-03', '03:39:34', 1),
(295, 66427946, '2021-07-17', '01:55:52', 1),
(296, 89838510, '2021-06-04', '12:22:29', 1),
(297, 3056076, '2021-05-09', '02:40:15', 1),
(298, 82319173, '2021-05-01', '01:09:26', 1),
(299, 85190332, '2021-03-03', '06:41:49', 1),
(300, 72685222, '2021-04-17', '09:08:01', 1),
(301, 50585928, '2021-06-23', '08:11:54', 1),
(302, 92234083, '2021-05-10', '09:25:58', 1),
(303, 70582032, '2021-05-11', '08:22:00', 1),
(304, 16768281, '2021-06-24', '08:20:01', 1),
(305, 46078372, '2021-06-02', '06:07:12', 1),
(306, 89255751, '2021-07-13', '03:56:48', 1),
(307, 79547771, '2021-03-20', '09:11:25', 1),
(308, 63349135, '2021-03-29', '12:27:39', 1),
(309, 60640841, '2021-04-25', '10:36:26', 1),
(310, 6726184, '2021-07-23', '02:02:37', 1),
(311, 59520093, '2021-05-25', '06:04:17', 1),
(312, 20200023, '2021-05-27', '04:21:19', 1),
(313, 12362105, '2021-03-14', '03:20:25', 1),
(314, 50009350, '2021-06-24', '04:41:51', 1),
(315, 20497905, '2021-02-25', '08:21:51', 1),
(316, 86705776, '2021-07-30', '08:15:35', 1),
(317, 5277894, '2021-05-15', '02:32:46', 1),
(318, 47738504, '2021-07-11', '04:33:23', 1),
(319, 59115413, '2021-04-19', '12:50:36', 1),
(320, 78465718, '2021-02-28', '08:43:30', 1),
(321, 65284278, '2021-05-06', '09:44:59', 1),
(322, 96804530, '2021-06-08', '08:35:25', 1),
(323, 45223984, '2021-06-30', '11:05:49', 1),
(324, 91060403, '2021-06-02', '10:22:22', 1),
(325, 44977799, '2021-07-05', '01:52:56', 1),
(326, 93401533, '2021-04-24', '08:54:54', 1),
(327, 50891682, '2021-03-01', '08:40:10', 1),
(328, 20449585, '2021-04-30', '08:53:55', 1),
(329, 57650931, '2021-06-08', '01:44:03', 1),
(330, 1338752, '2021-03-28', '09:13:17', 1),
(331, 9327190, '2021-03-30', '12:49:46', 1),
(332, 57803082, '2021-07-13', '08:49:00', 1),
(333, 77468270, '2021-03-18', '10:36:45', 1),
(334, 83301416, '2021-04-03', '08:57:26', 1),
(335, 72318541, '2021-06-29', '07:13:52', 1),
(336, 28050592, '2021-06-18', '01:26:54', 1),
(337, 21506941, '2021-06-23', '04:43:15', 1),
(338, 78667604, '2021-03-01', '08:33:54', 1),
(339, 52092931, '2021-07-01', '11:57:51', 1),
(340, 49287176, '2021-03-29', '08:00:56', 1),
(341, 34037079, '2021-04-15', '07:23:58', 1),
(342, 57128274, '2021-04-02', '08:58:06', 1),
(343, 48036746, '2021-03-23', '11:43:22', 1),
(344, 22431842, '2021-04-18', '06:11:56', 1),
(345, 1958414, '2021-06-09', '05:29:15', 1),
(346, 77526182, '2021-04-30', '11:57:15', 1),
(347, 85107662, '2021-02-28', '07:37:50', 1),
(348, 70042936, '2021-07-09', '05:40:43', 1),
(349, 99175327, '2021-05-04', '01:09:41', 1),
(350, 8956768, '2021-03-26', '07:40:50', 1),
(351, 72067978, '2021-03-31', '11:35:26', 1),
(352, 93547020, '2021-02-23', '08:32:35', 1),
(353, 45530894, '2021-02-23', '09:41:09', 1),
(354, 47044704, '2021-03-12', '07:15:24', 1),
(355, 53758495, '2021-07-16', '07:50:49', 1),
(356, 37171222, '2021-07-23', '02:09:49', 1),
(357, 70776788, '2021-03-21', '01:26:47', 1),
(358, 86712198, '2021-07-03', '08:05:12', 1),
(359, 97297864, '2021-02-25', '09:28:18', 1),
(360, 7537671, '2021-05-21', '08:02:50', 1),
(361, 81812876, '2021-07-04', '07:06:21', 1),
(362, 13978626, '2021-06-15', '02:56:00', 1),
(363, 53983753, '2021-03-30', '08:57:16', 1),
(364, 1824776, '2021-04-21', '05:37:11', 1),
(365, 15540035, '2021-07-11', '10:31:08', 1),
(366, 35660187, '2021-05-11', '06:16:10', 1),
(367, 23730503, '2021-03-23', '11:18:15', 1),
(368, 49832140, '2021-05-16', '05:35:59', 1),
(369, 14441272, '2021-07-18', '02:16:36', 1),
(370, 99316117, '2021-07-15', '03:26:21', 1),
(371, 95139072, '2021-05-12', '01:05:09', 1),
(372, 92122763, '2021-03-23', '05:26:19', 1),
(373, 33451667, '2021-07-06', '07:46:10', 1),
(374, 79359704, '2021-07-18', '08:34:03', 1),
(375, 58766506, '2021-02-23', '01:24:24', 1),
(376, 86786710, '2021-04-02', '11:24:27', 1),
(377, 20030821, '2021-03-03', '02:04:56', 1),
(378, 88656297, '2021-03-08', '05:06:01', 1),
(379, 55528199, '2021-05-11', '09:42:28', 1),
(380, 59372456, '2021-03-08', '10:45:34', 1),
(381, 43546971, '2021-06-08', '08:17:14', 1),
(382, 89010219, '2021-07-26', '07:44:27', 1),
(383, 96597132, '2021-04-14', '10:24:13', 1),
(384, 85338679, '2021-05-20', '06:34:02', 1),
(385, 81039319, '2021-06-25', '01:16:56', 1),
(386, 62865300, '2021-04-02', '08:57:41', 1),
(387, 78998138, '2021-03-13', '07:14:02', 1),
(388, 29891790, '2021-06-28', '11:03:54', 1),
(389, 52138087, '2021-04-17', '09:10:11', 1),
(390, 10405903, '2021-03-21', '03:52:36', 1),
(391, 24652257, '2021-07-16', '09:34:11', 1),
(392, 60724074, '2021-07-23', '08:04:17', 1),
(393, 92966867, '2021-06-28', '07:55:13', 1),
(394, 79526465, '2021-05-13', '06:02:40', 1),
(395, 14403589, '2021-03-09', '08:13:20', 1),
(396, 73903668, '2021-03-15', '12:43:57', 1),
(397, 10635873, '2021-06-26', '11:04:42', 1),
(398, 80588549, '2021-04-18', '08:57:09', 1),
(399, 12820732, '2021-07-08', '02:40:26', 1),
(400, 12379420, '2021-03-14', '08:55:58', 1),
(401, 90201582, '2021-03-29', '07:22:05', 1),
(402, 18391228, '2021-03-09', '06:13:41', 1),
(403, 6538277, '2021-04-28', '05:13:07', 1),
(404, 82488751, '2021-03-26', '05:21:50', 1),
(405, 84933662, '2021-03-23', '08:37:43', 1),
(406, 57191606, '2021-06-05', '09:28:33', 1),
(407, 59222190, '2021-07-13', '11:03:39', 1),
(408, 62918812, '2021-03-26', '06:26:54', 1),
(409, 31652046, '2021-04-03', '12:17:51', 1),
(410, 56007464, '2021-07-02', '08:46:58', 1),
(411, 35693667, '2021-06-03', '12:26:39', 1),
(412, 82358819, '2021-04-08', '09:22:07', 1),
(413, 45495205, '2021-04-02', '12:11:07', 1),
(414, 32479552, '2021-07-14', '11:21:24', 1),
(415, 66054319, '2021-07-30', '03:52:07', 1),
(416, 95053467, '2021-05-23', '08:03:05', 1),
(417, 54005731, '2021-05-13', '08:01:04', 1),
(418, 20735705, '2021-07-22', '12:05:43', 1),
(419, 4429147, '2021-05-21', '09:13:56', 1),
(420, 70383105, '2021-04-26', '08:15:27', 1),
(421, 21728134, '2021-05-06', '04:45:30', 1),
(422, 12614311, '2021-03-13', '08:39:17', 1),
(423, 82666164, '2021-04-20', '01:19:51', 1),
(424, 21974535, '2021-04-25', '04:57:24', 1),
(425, 89576727, '2021-07-06', '12:22:07', 1),
(426, 18313164, '2021-03-02', '01:54:57', 1),
(427, 17853255, '2021-06-06', '11:19:30', 1),
(428, 64549578, '2021-03-08', '01:50:44', 1),
(429, 48828299, '2021-03-30', '08:38:21', 1),
(430, 11873888, '2021-03-22', '09:22:25', 1),
(431, 46945339, '2021-07-14', '10:21:30', 1),
(432, 5592055, '2021-03-24', '10:05:35', 1),
(433, 59277051, '2021-07-23', '05:06:08', 1),
(434, 75672560, '2021-04-12', '03:07:29', 1),
(435, 51234366, '2021-03-23', '09:32:05', 1),
(436, 78057672, '2021-06-22', '12:38:47', 1),
(437, 47252091, '2021-07-25', '01:47:00', 1),
(438, 30246381, '2021-05-29', '05:13:36', 1),
(439, 23467105, '2021-07-10', '04:16:32', 1),
(440, 90703280, '2021-07-08', '01:34:55', 1),
(441, 71733297, '2021-04-06', '08:35:28', 1),
(442, 99869569, '2021-03-01', '12:56:04', 1),
(443, 8992543, '2021-03-06', '10:41:34', 1),
(444, 36453229, '2021-06-12', '08:46:14', 1),
(445, 82750785, '2021-03-15', '09:33:00', 1),
(446, 67208846, '2021-04-15', '10:20:45', 1),
(447, 33456426, '2021-04-30', '03:35:23', 1),
(448, 98950664, '2021-05-02', '03:59:19', 1),
(449, 19234407, '2021-03-22', '03:17:49', 1),
(450, 12239508, '2021-07-28', '10:24:11', 1),
(451, 40572321, '2021-06-10', '12:00:23', 1),
(452, 8274382, '2021-04-07', '05:39:35', 1),
(453, 7729085, '2021-06-28', '05:06:56', 1),
(454, 88590683, '2021-07-11', '11:52:30', 1),
(455, 43105279, '2021-03-04', '12:15:24', 1),
(456, 17117221, '2021-04-10', '08:53:59', 1),
(457, 19214684, '2021-06-05', '11:18:24', 1),
(458, 40475850, '2021-07-09', '02:52:43', 1),
(459, 64354556, '2021-03-30', '10:31:02', 1),
(460, 19848857, '2021-03-23', '05:08:08', 1),
(461, 82131075, '2021-03-04', '06:39:20', 1),
(462, 83600159, '2021-05-09', '05:29:49', 1),
(463, 98175454, '2021-07-17', '03:47:58', 1),
(464, 68511156, '2021-02-23', '02:49:15', 1),
(465, 1802531, '2021-04-28', '06:51:47', 1),
(466, 96749071, '2021-04-22', '10:34:15', 1),
(467, 79245264, '2021-07-08', '09:42:52', 1),
(468, 82580654, '2021-05-23', '12:19:48', 1),
(469, 94625567, '2021-03-05', '03:20:12', 1),
(470, 22249639, '2021-05-02', '12:28:00', 1),
(471, 57987450, '2021-06-26', '11:39:58', 1),
(472, 62323108, '2021-02-28', '05:53:31', 1),
(473, 1778257, '2021-04-07', '08:26:40', 1),
(474, 58602981, '2021-05-11', '11:56:27', 1),
(475, 38229818, '2021-04-28', '12:20:58', 1),
(476, 23770124, '2021-02-27', '06:32:40', 1),
(477, 11554380, '2021-05-10', '11:13:20', 1),
(478, 50602088, '2021-05-25', '02:31:25', 1),
(479, 39600078, '2021-04-17', '09:46:54', 1),
(480, 5321002, '2021-05-30', '09:31:32', 1),
(481, 14322155, '2021-03-27', '05:29:53', 1),
(482, 60535000, '2021-05-27', '09:33:12', 1),
(483, 44382667, '2021-04-01', '08:11:26', 1),
(484, 15745289, '2021-06-03', '09:29:18', 1),
(485, 57967271, '2021-06-01', '10:39:51', 1),
(486, 42271665, '2021-03-08', '03:25:56', 1),
(487, 9990941, '2021-06-16', '03:12:10', 1),
(488, 30381375, '2021-04-13', '09:00:50', 1),
(489, 2406602, '2021-03-02', '07:30:53', 1),
(490, 68614993, '2021-07-21', '05:05:35', 1),
(491, 43564890, '2021-06-23', '09:29:57', 1),
(492, 59798880, '2021-02-25', '04:27:48', 1),
(493, 21799413, '2021-04-03', '01:39:11', 1),
(494, 20422780, '2021-05-18', '09:47:32', 1),
(495, 73270451, '2021-06-17', '02:37:37', 1),
(496, 5362476, '2021-07-03', '11:52:23', 1),
(497, 26255616, '2021-07-01', '07:35:46', 1),
(498, 43276075, '2021-06-19', '07:49:04', 1),
(499, 92162007, '2021-07-11', '04:53:30', 1),
(500, 10956917, '2021-06-05', '02:06:42', 1),
(501, 94349555, '2021-07-22', '12:27:47', 1),
(502, 82144847, '2021-04-02', '06:03:12', 1),
(503, 16363225, '2021-06-23', '07:56:11', 1),
(504, 10382424, '2021-04-26', '02:21:24', 1),
(505, 5343699, '2021-03-23', '04:38:01', 1),
(506, 66354678, '2021-05-28', '05:58:13', 1),
(507, 21756845, '2021-04-12', '06:43:07', 1),
(508, 24002060, '2021-03-04', '09:24:31', 1),
(509, 46370235, '2021-05-18', '06:00:10', 1),
(510, 34733339, '2021-03-08', '11:40:34', 1),
(511, 84914339, '2021-03-11', '03:19:18', 1),
(512, 74494137, '2021-06-30', '02:07:10', 1),
(513, 91951530, '2021-07-07', '03:43:05', 1),
(514, 40263754, '2021-03-05', '09:06:23', 1),
(515, 4306514, '2021-03-18', '05:13:23', 1),
(516, 12086045, '2021-04-08', '03:57:52', 1),
(517, 8825600, '2021-04-07', '06:10:07', 1),
(518, 60225219, '2021-06-26', '09:23:02', 1),
(519, 26954724, '2021-06-05', '02:33:32', 1),
(520, 91266955, '2021-05-08', '12:04:30', 1),
(521, 35705157, '2021-06-05', '12:10:52', 1),
(522, 20814055, '2021-06-24', '09:29:31', 1),
(523, 81561392, '2021-04-06', '05:45:44', 1),
(524, 71767248, '2021-04-28', '01:41:43', 1),
(525, 13348615, '2021-05-14', '01:46:50', 1),
(526, 68017045, '2021-03-04', '06:04:50', 1),
(527, 77079549, '2021-05-06', '08:51:03', 1),
(528, 97904189, '2021-03-10', '05:56:18', 1),
(529, 10701856, '2021-06-28', '02:14:07', 1),
(530, 65966391, '2021-04-23', '07:58:08', 1),
(531, 13855988, '2021-04-30', '05:02:18', 1),
(532, 60856708, '2021-02-26', '12:15:14', 1),
(533, 40393881, '2021-06-30', '01:33:04', 1),
(534, 18469530, '2021-07-26', '09:55:25', 1),
(535, 91129605, '2021-05-31', '10:36:33', 1),
(536, 1875015, '2021-04-11', '01:37:37', 1),
(537, 28438127, '2021-04-12', '11:12:22', 1),
(538, 43474326, '2021-03-27', '04:55:27', 1),
(539, 60521899, '2021-03-31', '12:52:20', 1),
(540, 55641702, '2021-05-03', '06:17:00', 1),
(541, 8758059, '2021-07-18', '04:35:37', 1),
(542, 72919227, '2021-05-25', '03:16:18', 1),
(543, 30902857, '2021-04-23', '01:50:31', 1),
(544, 60170364, '2021-05-23', '12:31:49', 1),
(545, 66797395, '2021-03-18', '01:07:37', 1),
(546, 2488570, '2021-07-30', '09:46:27', 1),
(547, 37179861, '2021-03-12', '02:35:09', 1),
(548, 28959370, '2021-05-24', '01:08:32', 1),
(549, 38390110, '2021-06-16', '12:28:06', 1),
(550, 60375249, '2021-03-03', '08:36:09', 1),
(551, 42010844, '2021-07-11', '10:14:20', 1),
(552, 22249384, '2021-04-14', '11:14:27', 1),
(553, 27800769, '2021-07-04', '09:38:22', 1),
(554, 37764217, '2021-06-16', '10:09:34', 1),
(555, 33805843, '2021-07-18', '10:00:05', 1),
(556, 83022164, '2021-06-22', '03:01:56', 1),
(557, 76948054, '2021-04-24', '07:15:01', 1),
(558, 36394996, '2021-05-12', '08:14:08', 1),
(559, 15277722, '2021-03-25', '12:01:29', 1),
(560, 90290098, '2021-05-19', '04:02:09', 1),
(561, 60259609, '2021-04-30', '01:04:50', 1),
(562, 70281366, '2021-05-13', '12:25:19', 1),
(563, 33222127, '2021-03-22', '09:30:06', 1),
(564, 88781817, '2021-03-17', '01:01:12', 1),
(565, 41687850, '2021-05-21', '09:49:34', 1),
(566, 49947259, '2021-06-25', '12:17:24', 1),
(567, 99105653, '2021-06-02', '03:03:57', 1),
(568, 72467273, '2021-06-28', '05:57:48', 1),
(569, 19887999, '2021-06-12', '05:02:20', 1),
(570, 93516151, '2021-06-18', '06:32:52', 1),
(571, 38840862, '2021-06-14', '06:57:51', 1),
(572, 23417843, '2021-07-21', '09:25:17', 1),
(573, 49188155, '2021-06-01', '08:18:13', 1),
(574, 37595758, '2021-07-20', '09:44:29', 1),
(575, 34732771, '2021-04-14', '05:05:45', 1),
(576, 42706153, '2021-02-27', '08:29:51', 1),
(577, 18639017, '2021-07-22', '09:43:22', 1),
(578, 16997656, '2021-04-19', '03:51:38', 1),
(579, 79285482, '2021-04-16', '09:52:26', 1),
(580, 39396926, '2021-03-19', '09:52:39', 1),
(581, 92949213, '2021-06-09', '12:47:50', 1),
(582, 86767283, '2021-04-28', '08:11:19', 1),
(583, 57027678, '2021-04-03', '10:29:06', 1),
(584, 43402486, '2021-03-11', '01:09:56', 1),
(585, 74715189, '2021-03-11', '05:40:20', 1),
(586, 59255564, '2021-04-05', '04:09:20', 1),
(587, 51132689, '2021-05-20', '02:54:38', 1),
(588, 37765188, '2021-04-21', '12:53:03', 1),
(589, 91597608, '2021-02-23', '10:44:47', 1),
(590, 69870576, '2021-06-15', '03:45:52', 1),
(591, 52464522, '2021-03-06', '08:47:47', 1),
(592, 34283640, '2021-04-08', '04:51:59', 1),
(593, 91803535, '2021-05-01', '11:05:21', 1),
(594, 27019989, '2021-06-29', '08:47:03', 1),
(595, 14683730, '2021-03-09', '09:38:28', 1),
(596, 43157532, '2021-07-06', '01:30:01', 1),
(597, 55718975, '2021-06-13', '06:56:49', 1),
(598, 84680060, '2021-04-24', '09:19:34', 1),
(599, 16459844, '2021-03-24', '05:47:38', 1),
(600, 40441321, '2021-04-11', '07:28:20', 1),
(601, 81631174, '2021-04-19', '10:56:09', 1),
(602, 1407555, '2021-05-11', '07:27:54', 1),
(603, 87937836, '2021-05-04', '04:36:25', 1),
(604, 39255070, '2021-06-09', '02:19:05', 1),
(605, 51752914, '2021-03-01', '08:03:45', 1),
(606, 96082112, '2021-02-22', '02:23:50', 1),
(607, 85077435, '2021-05-05', '02:16:22', 1),
(608, 46438703, '2021-04-22', '08:16:05', 1),
(609, 7001310, '2021-06-02', '06:55:40', 1),
(610, 35946804, '2021-03-06', '06:04:55', 1),
(611, 68385110, '2021-07-21', '09:28:44', 1),
(612, 13461256, '2021-05-09', '08:31:35', 1),
(613, 51301003, '2021-04-07', '12:33:24', 1),
(614, 58541672, '2021-05-14', '09:14:20', 1),
(615, 6092911, '2021-05-30', '08:33:51', 1),
(616, 32874167, '2021-03-01', '05:24:13', 1),
(617, 61263721, '2021-03-12', '11:34:16', 1),
(618, 90402723, '2021-05-11', '10:53:26', 1),
(619, 94714779, '2021-07-02', '03:21:40', 1),
(620, 13955850, '2021-07-05', '09:39:25', 1),
(621, 96352328, '2021-07-21', '05:33:21', 1),
(622, 46020106, '2021-05-01', '03:35:27', 1),
(623, 11360301, '2021-04-22', '02:42:39', 1),
(624, 60164680, '2021-04-17', '03:01:45', 1),
(625, 64396777, '2021-03-11', '01:04:12', 1),
(626, 55732704, '2021-03-04', '08:05:04', 1),
(627, 19612223, '2021-03-15', '08:37:47', 1),
(628, 29226858, '2021-07-07', '12:49:32', 1),
(629, 78215995, '2021-02-24', '08:22:28', 1),
(630, 19894933, '2021-04-23', '01:15:14', 1),
(631, 62412504, '2021-04-27', '05:59:37', 1),
(632, 3357499, '2021-03-06', '01:52:37', 1),
(633, 91751409, '2021-03-30', '01:57:31', 1),
(634, 28980362, '2021-04-09', '11:51:03', 1),
(635, 1540607, '2021-04-30', '02:04:34', 1),
(636, 99849833, '2021-03-04', '08:33:53', 1),
(637, 31721322, '2021-05-07', '05:21:05', 1),
(638, 49463820, '2021-04-27', '09:22:36', 1),
(639, 36886444, '2021-05-07', '08:06:29', 1),
(640, 5758908, '2021-03-01', '11:55:41', 1),
(641, 87563240, '2021-05-24', '12:19:44', 1),
(642, 15121689, '2021-04-20', '08:20:39', 1),
(643, 44058684, '2021-03-07', '04:09:04', 1),
(644, 15299148, '2021-03-10', '08:27:45', 1),
(645, 30011147, '2021-03-07', '08:05:41', 1),
(646, 74827234, '2021-07-13', '05:37:46', 1),
(647, 45691208, '2021-03-04', '10:13:18', 1),
(648, 41292977, '2021-03-21', '10:37:39', 1),
(649, 87972843, '2021-04-04', '02:00:57', 1),
(650, 53661144, '2021-05-06', '06:10:12', 1),
(651, 57358628, '2021-04-30', '08:15:09', 1),
(652, 38926596, '2021-05-19', '01:22:56', 1),
(653, 9447673, '2021-04-24', '01:10:05', 1),
(654, 59406204, '2021-06-24', '09:05:34', 1),
(655, 21931704, '2021-05-10', '08:29:10', 1),
(656, 2105484, '2021-02-26', '10:12:15', 1),
(657, 65806250, '2021-07-21', '01:08:34', 1),
(658, 85809890, '2021-07-13', '06:31:42', 1),
(659, 24196630, '2021-03-01', '03:38:56', 1),
(660, 6775420, '2021-04-02', '11:26:34', 1),
(661, 49454932, '2021-07-17', '12:56:20', 1),
(662, 98605570, '2021-03-20', '08:18:04', 1),
(663, 50660563, '2021-03-31', '11:05:41', 1),
(664, 62864593, '2021-06-29', '11:35:26', 1),
(665, 71122696, '2021-04-28', '08:58:41', 1),
(666, 34918309, '2021-06-23', '08:00:52', 1),
(667, 31280798, '2021-05-29', '07:10:47', 1),
(668, 34997810, '2021-03-13', '02:38:54', 1),
(669, 96570122, '2021-04-22', '02:31:43', 1),
(670, 56851744, '2021-07-21', '12:39:24', 1),
(671, 30430341, '2021-03-30', '05:13:13', 1),
(672, 27074668, '2021-05-22', '11:50:28', 1),
(673, 9116292, '2021-06-22', '07:11:06', 1),
(674, 55618846, '2021-06-27', '04:17:32', 1),
(675, 17106385, '2021-04-17', '01:01:50', 1),
(676, 33720967, '2021-03-12', '05:22:27', 1),
(677, 61721225, '2021-07-10', '05:34:02', 1),
(678, 3505218, '2021-05-31', '02:17:59', 1),
(679, 66006191, '2021-04-08', '09:19:53', 1),
(680, 88561920, '2021-03-23', '08:06:17', 1),
(681, 37441881, '2021-03-15', '04:40:00', 1),
(682, 70811446, '2021-05-08', '05:44:53', 1),
(683, 60541191, '2021-03-03', '05:00:32', 1),
(684, 21191627, '2021-02-26', '08:58:31', 1),
(685, 83134629, '2021-06-30', '08:39:32', 1),
(686, 22311591, '2021-03-22', '02:56:26', 1),
(687, 11934474, '2021-05-07', '05:16:31', 1),
(688, 84853780, '2021-05-26', '06:34:31', 1),
(689, 99357296, '2021-06-13', '07:56:23', 1),
(690, 19147143, '2021-05-20', '05:48:20', 1),
(691, 97501023, '2021-06-28', '10:14:33', 1),
(692, 2870378, '2021-05-25', '05:30:46', 1),
(693, 31326033, '2021-04-29', '06:21:12', 1),
(694, 16955508, '2021-05-12', '11:24:52', 1),
(695, 94604218, '2021-07-18', '11:29:43', 1),
(696, 81531900, '2021-06-07', '07:15:47', 1),
(697, 40862053, '2021-03-01', '09:25:44', 1),
(698, 44710449, '2021-06-21', '03:20:30', 1),
(699, 99287560, '2021-05-18', '09:45:16', 1),
(700, 89027495, '2021-06-30', '02:51:10', 1),
(701, 10676561, '2021-07-04', '11:40:50', 1),
(702, 73598321, '2021-03-18', '03:10:59', 1),
(703, 35490584, '2021-07-23', '07:11:29', 1),
(704, 39348776, '2021-05-04', '08:03:39', 1),
(705, 77366604, '2021-04-07', '03:25:40', 1),
(706, 95506904, '2021-06-11', '10:21:24', 1),
(707, 11286357, '2021-07-04', '08:45:23', 1),
(708, 39985018, '2021-04-02', '04:55:28', 1),
(709, 98601947, '2021-06-17', '03:11:42', 1),
(710, 93920977, '2021-05-23', '03:58:14', 1),
(711, 76214995, '2021-05-24', '07:28:57', 2),
(712, 97641080, '2021-03-20', '01:16:39', 2),
(713, 55571498, '2021-03-11', '09:15:10', 2),
(714, 3121133, '2021-03-11', '02:24:40', 2),
(715, 43635637, '2021-03-12', '07:13:40', 2),
(716, 69080128, '2021-03-14', '02:50:25', 2),
(717, 12839717, '2021-03-02', '08:42:38', 2),
(718, 80865986, '2021-05-04', '12:58:06', 2),
(719, 22341051, '2021-06-20', '09:45:47', 2),
(720, 29073875, '2021-07-01', '11:06:10', 2),
(721, 45714558, '2021-03-01', '08:45:56', 2),
(722, 58098808, '2021-04-02', '08:26:23', 2),
(723, 91668629, '2021-03-14', '10:04:20', 2),
(724, 68083678, '2021-07-22', '06:17:08', 2),
(725, 54121667, '2021-07-13', '03:38:42', 2),
(726, 60934344, '2021-04-29', '12:24:39', 2),
(727, 74801110, '2021-07-02', '10:00:03', 2),
(728, 41707021, '2021-03-09', '01:42:17', 2),
(729, 74489327, '2021-04-03', '05:29:23', 2),
(730, 12190130, '2021-06-06', '05:15:58', 2),
(731, 88548229, '2021-04-21', '01:33:34', 2),
(732, 28778069, '2021-02-26', '10:57:01', 2),
(733, 35270801, '2021-05-12', '03:23:34', 2),
(734, 91301886, '2021-07-06', '03:12:41', 2),
(735, 51045132, '2021-07-14', '08:18:55', 2),
(736, 78641799, '2021-06-29', '06:48:52', 2),
(737, 54854381, '2021-06-24', '08:54:23', 2),
(738, 11918299, '2021-04-18', '07:16:08', 2),
(739, 28275009, '2021-07-08', '10:40:32', 2),
(740, 35973263, '2021-05-15', '03:16:07', 2),
(741, 11133286, '2021-04-06', '01:00:42', 2),
(742, 94349148, '2021-03-23', '08:54:48', 2),
(743, 51250609, '2021-06-04', '07:54:11', 2),
(744, 26486923, '2021-03-12', '06:31:25', 2),
(745, 19355023, '2021-04-04', '12:40:22', 2),
(746, 82505069, '2021-05-24', '06:38:12', 2),
(747, 26640240, '2021-03-04', '12:11:35', 2),
(748, 27279263, '2021-05-11', '04:01:15', 2),
(749, 96526712, '2021-07-06', '12:22:09', 2),
(750, 17530915, '2021-05-05', '05:05:57', 2),
(751, 99631289, '2021-03-19', '09:44:59', 2),
(752, 4693830, '2021-03-15', '06:14:11', 2),
(753, 99708172, '2021-03-12', '12:52:15', 2),
(754, 66210975, '2021-05-11', '08:14:53', 2),
(755, 38695904, '2021-03-16', '06:57:17', 2),
(756, 36300225, '2021-04-29', '03:40:06', 2),
(757, 30159475, '2021-05-09', '02:25:03', 2),
(758, 98897420, '2021-06-03', '10:09:38', 2),
(759, 5548795, '2021-06-19', '06:09:45', 2),
(760, 1046889, '2021-03-21', '05:13:26', 2),
(761, 4135002, '2021-07-04', '11:30:03', 2),
(762, 83897852, '2021-04-02', '12:49:50', 2),
(763, 79639695, '2021-05-20', '08:09:07', 2),
(764, 19927215, '2021-03-26', '08:27:18', 2),
(765, 48227033, '2021-02-28', '02:55:46', 2),
(766, 84495191, '2021-06-30', '04:22:47', 2),
(767, 89335217, '2021-07-03', '11:40:25', 2),
(768, 94971558, '2021-06-05', '12:59:34', 2),
(769, 91570649, '2021-04-22', '04:59:00', 2),
(770, 33499047, '2021-03-04', '06:50:55', 2),
(771, 75820043, '2021-03-14', '10:51:33', 2),
(772, 37998727, '2021-04-01', '03:47:50', 2),
(773, 25891984, '2021-03-12', '06:28:27', 2),
(774, 34837278, '2021-03-10', '06:44:13', 2),
(775, 41383359, '2021-05-29', '03:37:12', 2),
(776, 98389340, '2021-07-18', '04:53:37', 2),
(777, 71095576, '2021-07-04', '06:19:01', 2),
(778, 43210387, '2021-05-01', '10:36:54', 2),
(779, 95273019, '2021-04-16', '07:59:45', 2),
(780, 89516308, '2021-04-05', '01:43:03', 2),
(781, 47127957, '2021-02-28', '09:16:15', 2),
(782, 94394422, '2021-06-14', '08:52:02', 2),
(783, 86761271, '2021-05-22', '04:26:39', 2),
(784, 18113168, '2021-06-24', '02:33:32', 2),
(785, 17647048, '2021-06-29', '05:27:45', 2),
(786, 36558073, '2021-03-20', '12:02:52', 2),
(787, 22289017, '2021-05-24', '08:55:05', 2),
(788, 43660834, '2021-05-16', '05:12:36', 2),
(789, 17514125, '2021-03-04', '01:56:00', 2),
(790, 36656464, '2021-07-21', '04:43:17', 2),
(791, 53073458, '2021-03-09', '05:58:39', 2),
(792, 46649330, '2021-07-28', '08:34:02', 2),
(793, 89451889, '2021-04-05', '09:58:46', 2),
(794, 95639011, '2021-03-04', '10:48:36', 2),
(795, 53053822, '2021-07-16', '07:18:42', 2),
(796, 78369830, '2021-02-27', '04:44:36', 2),
(797, 65188790, '2021-03-31', '02:23:58', 2),
(798, 74856774, '2021-04-06', '10:28:59', 2),
(799, 45177361, '2021-03-06', '03:53:00', 2),
(800, 12806820, '2021-07-19', '01:53:25', 2),
(801, 69821050, '2021-03-31', '07:49:22', 2),
(802, 68165116, '2021-06-21', '10:10:35', 2),
(803, 95565641, '2021-03-24', '05:51:09', 2),
(804, 31630603, '2021-05-18', '10:16:49', 2),
(805, 20896085, '2021-04-03', '07:41:55', 2),
(806, 82303842, '2021-06-21', '09:50:41', 2),
(807, 23942191, '2021-06-24', '11:29:22', 2),
(808, 52247784, '2021-06-09', '08:32:56', 2),
(809, 74003079, '2021-04-22', '09:29:41', 2),
(810, 91981025, '2021-05-10', '09:11:42', 2),
(811, 61288180, '2021-07-02', '08:24:30', 2),
(812, 72140509, '2021-03-30', '07:46:58', 2),
(813, 95611910, '2021-03-03', '03:20:51', 2),
(814, 2442721, '2021-03-09', '09:20:48', 2),
(815, 11646421, '2021-06-27', '11:04:13', 2),
(816, 49176155, '2021-04-05', '07:32:10', 2),
(817, 82009973, '2021-06-01', '01:37:51', 2),
(818, 27552598, '2021-06-01', '09:47:12', 2),
(819, 49458922, '2021-05-12', '09:40:02', 2),
(820, 78146044, '2021-07-01', '07:41:28', 2),
(821, 23022176, '2021-04-28', '05:47:04', 2),
(822, 61071517, '2021-05-27', '08:25:16', 2),
(823, 27965320, '2021-06-28', '08:46:45', 2),
(824, 37326831, '2021-07-17', '06:32:44', 2),
(825, 61007096, '2021-07-28', '01:03:21', 2),
(826, 53409710, '2021-06-03', '06:24:46', 2),
(827, 39907463, '2021-06-14', '09:29:41', 2),
(828, 27858900, '2021-02-22', '09:56:00', 2),
(829, 38015304, '2021-03-25', '01:15:27', 2),
(830, 72987234, '2021-07-17', '09:32:01', 2),
(831, 46169830, '2021-04-02', '01:54:37', 2),
(832, 64059902, '2021-07-25', '06:46:39', 2),
(833, 5528027, '2021-03-04', '04:43:11', 2),
(834, 96581167, '2021-04-29', '08:41:22', 2),
(835, 66436235, '2021-07-27', '06:23:33', 2),
(836, 12301939, '2021-06-19', '02:50:31', 2),
(837, 17230468, '2021-07-20', '09:36:27', 2),
(838, 44275915, '2021-05-31', '08:38:00', 2),
(839, 44188322, '2021-07-27', '05:29:04', 2),
(840, 96543279, '2021-03-14', '01:20:25', 2),
(841, 59772298, '2021-05-07', '10:58:26', 2),
(842, 87814873, '2021-03-23', '11:47:32', 2),
(843, 45871179, '2021-07-02', '05:21:26', 2),
(844, 89076415, '2021-03-02', '09:36:19', 2),
(845, 25341515, '2021-05-24', '05:56:39', 2),
(846, 57247015, '2021-04-17', '01:20:18', 2),
(847, 79144264, '2021-02-26', '01:31:17', 2),
(848, 47510755, '2021-07-07', '03:51:48', 2),
(849, 39720612, '2021-07-10', '07:57:52', 2),
(850, 82563760, '2021-07-23', '01:24:13', 2),
(851, 60914101, '2021-04-07', '07:10:39', 2),
(852, 84279317, '2021-02-23', '06:07:43', 2),
(853, 91856009, '2021-04-25', '09:25:21', 2),
(854, 56099871, '2021-03-06', '02:41:15', 2),
(855, 92646014, '2021-04-20', '05:31:17', 2),
(856, 50244492, '2021-03-30', '02:56:10', 2),
(857, 75732238, '2021-07-05', '10:13:59', 2),
(858, 47951885, '2021-04-30', '10:57:34', 2),
(859, 6085788, '2021-05-23', '09:41:32', 2),
(860, 72950981, '2021-03-17', '07:48:13', 2),
(861, 96356681, '2021-03-18', '01:06:51', 2),
(862, 33460037, '2021-04-15', '07:57:29', 2),
(863, 12307762, '2021-07-30', '09:13:18', 2),
(864, 56130134, '2021-02-22', '08:54:46', 2),
(865, 44757198, '2021-06-20', '10:58:38', 2),
(866, 36899127, '2021-06-22', '08:40:01', 2),
(867, 73307896, '2021-05-07', '12:19:17', 2),
(868, 86779733, '2021-07-28', '10:31:55', 2),
(869, 36865689, '2021-04-15', '11:15:18', 2),
(870, 38935263, '2021-03-12', '04:50:26', 2),
(871, 6825224, '2021-03-08', '07:01:44', 2),
(872, 70761091, '2021-05-18', '09:52:16', 2),
(873, 79740673, '2021-03-01', '05:10:51', 2),
(874, 86369952, '2021-02-23', '08:56:12', 2),
(875, 52556318, '2021-03-15', '07:54:48', 2),
(876, 67612450, '2021-06-20', '02:55:34', 2),
(877, 63105021, '2021-06-29', '10:30:52', 2),
(878, 31971725, '2021-04-14', '05:20:02', 2),
(879, 42600575, '2021-04-27', '04:01:26', 2),
(880, 1298822, '2021-05-18', '05:48:33', 2),
(881, 76012540, '2021-07-24', '07:26:17', 2),
(882, 58293788, '2021-04-30', '11:39:04', 2),
(883, 84564533, '2021-06-23', '04:34:29', 2),
(884, 20103489, '2021-04-01', '07:46:22', 2),
(885, 47058623, '2021-02-25', '01:42:16', 2),
(886, 9265181, '2021-03-20', '09:37:59', 2),
(887, 81683565, '2021-03-30', '02:45:29', 2),
(888, 39457780, '2021-04-25', '01:21:21', 2),
(889, 89563214, '2021-07-11', '10:07:20', 2),
(890, 45007252, '2021-07-07', '10:04:59', 2),
(891, 40251598, '2021-05-07', '04:42:07', 2),
(892, 15407485, '2021-02-24', '06:32:39', 2),
(893, 56048772, '2021-06-01', '01:19:16', 2),
(894, 22062764, '2021-05-12', '03:42:49', 2),
(895, 94507083, '2021-07-16', '08:42:11', 2),
(896, 37158133, '2021-04-19', '08:45:40', 2),
(897, 97410659, '2021-02-27', '11:15:10', 2),
(898, 41710256, '2021-04-20', '03:41:41', 2),
(899, 36890563, '2021-05-16', '07:11:12', 2),
(900, 99881976, '2021-07-14', '09:31:20', 2),
(901, 38648009, '2021-04-02', '12:09:34', 2),
(902, 81265552, '2021-03-08', '06:15:51', 2),
(903, 97977233, '2021-02-23', '05:18:34', 2),
(904, 98968052, '2021-03-09', '08:08:07', 2),
(905, 99377674, '2021-07-03', '02:41:06', 2),
(906, 44401208, '2021-03-30', '08:41:45', 2),
(907, 4229219, '2021-06-17', '08:03:00', 2),
(908, 97798924, '2021-07-22', '01:44:03', 2),
(909, 33029158, '2021-04-14', '08:06:33', 2),
(910, 88919194, '2021-06-19', '10:06:05', 2),
(911, 69039499, '2021-07-05', '08:07:32', 2),
(912, 38650773, '2021-07-21', '10:34:41', 2),
(913, 92481936, '2021-06-18', '08:13:36', 2),
(914, 75928974, '2021-04-17', '09:16:13', 2),
(915, 46565150, '2021-07-21', '09:59:46', 2),
(916, 34423163, '2021-03-31', '08:36:58', 2),
(917, 77961387, '2021-05-26', '04:02:03', 2),
(918, 34672686, '2021-06-15', '05:53:59', 2),
(919, 13509978, '2021-06-10', '07:46:28', 2),
(920, 79087388, '2021-06-22', '03:13:20', 2),
(921, 77346683, '2021-04-21', '10:29:19', 2),
(922, 80820306, '2021-06-08', '09:33:13', 2),
(923, 52658207, '2021-06-27', '09:46:55', 2),
(924, 66080689, '2021-05-06', '07:30:19', 2),
(925, 92228210, '2021-06-09', '09:11:19', 2),
(926, 25029596, '2021-05-11', '09:04:06', 2),
(927, 40125774, '2021-07-19', '02:43:58', 2),
(928, 47266024, '2021-05-28', '05:53:14', 2),
(929, 91412606, '2021-03-27', '08:18:52', 2),
(930, 59788317, '2021-04-12', '04:28:48', 2),
(931, 40563067, '2021-05-13', '09:46:23', 2),
(932, 27642917, '2021-04-20', '11:29:25', 2),
(933, 62796836, '2021-05-13', '03:52:39', 2),
(934, 1633134, '2021-07-19', '02:38:38', 2),
(935, 83322495, '2021-03-11', '01:03:42', 2),
(936, 86717542, '2021-05-04', '03:02:32', 2),
(937, 58112973, '2021-04-29', '06:14:58', 2),
(938, 90033910, '2021-06-16', '09:22:24', 2),
(939, 54780082, '2021-07-08', '04:17:42', 2),
(940, 67742850, '2021-06-02', '02:06:23', 2),
(941, 19165145, '2021-05-06', '12:34:38', 2),
(942, 79011513, '2021-03-22', '04:36:09', 2),
(943, 55734522, '2021-04-17', '07:48:55', 2),
(944, 87845744, '2021-05-14', '05:29:28', 2),
(945, 38649972, '2021-06-02', '09:59:56', 2),
(946, 3296293, '2021-02-24', '11:25:02', 2),
(947, 97614056, '2021-04-13', '08:02:00', 2),
(948, 22892746, '2021-07-06', '09:48:38', 2),
(949, 9660938, '2021-03-06', '07:56:18', 2),
(950, 57585711, '2021-04-17', '12:05:16', 2),
(951, 52865882, '2021-07-17', '07:28:56', 2),
(952, 34669630, '2021-03-20', '03:02:56', 2),
(953, 14524807, '2021-07-14', '04:50:45', 2),
(954, 98243107, '2021-07-26', '04:07:02', 2),
(955, 13391696, '2021-05-11', '09:05:44', 2),
(956, 67007235, '2021-07-05', '07:30:43', 2),
(957, 5416329, '2021-04-29', '10:19:39', 2),
(958, 63722947, '2021-03-19', '08:56:23', 2),
(959, 34196789, '2021-05-01', '09:04:25', 2),
(960, 21609768, '2021-03-16', '10:40:52', 2),
(961, 13079481, '2021-06-23', '03:29:17', 2),
(962, 19353032, '2021-06-05', '06:07:02', 2),
(963, 3739715, '2021-07-25', '07:36:23', 2),
(964, 66443567, '2021-03-11', '08:04:07', 2),
(965, 75066000, '2021-07-23', '10:48:52', 2),
(966, 54665213, '2021-04-24', '08:25:43', 2),
(967, 80892927, '2021-06-10', '10:00:26', 2),
(968, 36625560, '2021-04-23', '05:21:26', 2),
(969, 11739936, '2021-04-03', '06:54:59', 2),
(970, 70239513, '2021-07-15', '12:30:42', 2),
(971, 60640447, '2021-06-18', '01:51:25', 2),
(972, 78127595, '2021-06-02', '08:25:22', 2),
(973, 63661470, '2021-04-29', '09:36:53', 2),
(974, 93704093, '2021-04-07', '09:06:30', 2),
(975, 67547598, '2021-04-26', '10:51:10', 2),
(976, 37162124, '2021-03-03', '01:25:43', 2),
(977, 98561542, '2021-07-10', '11:47:21', 2),
(978, 32079596, '2021-06-03', '09:08:46', 2),
(979, 24321303, '2021-07-24', '11:28:21', 2),
(980, 20053392, '2021-07-24', '11:58:15', 2),
(981, 91193704, '2021-05-18', '07:12:29', 2),
(982, 27100133, '2021-07-17', '08:38:07', 2),
(983, 53800473, '2021-04-11', '05:05:44', 2),
(984, 20929867, '2021-05-11', '04:57:48', 2),
(985, 39596653, '2021-06-20', '08:10:07', 2),
(986, 31238275, '2021-03-03', '12:51:03', 2),
(987, 66159381, '2021-03-11', '04:20:52', 2),
(988, 20872279, '2021-05-30', '03:49:59', 2),
(989, 76887740, '2021-07-23', '08:18:28', 2),
(990, 55584183, '2021-05-07', '11:10:09', 2),
(991, 74133967, '2021-03-09', '05:07:11', 2),
(992, 58089058, '2021-07-21', '09:43:49', 2),
(993, 56778887, '2021-03-29', '09:50:39', 2),
(994, 17718643, '2021-06-07', '04:54:10', 2),
(995, 92918335, '2021-03-02', '08:42:34', 2),
(996, 94829409, '2021-07-02', '05:45:34', 2),
(997, 66256655, '2021-07-01', '05:08:48', 2),
(998, 11932723, '2021-06-01', '02:18:09', 2),
(999, 45020375, '2021-06-24', '01:51:06', 2),
(1000, 64476959, '2021-06-22', '02:53:45', 2),
(1001, 37453438, '2021-02-25', '10:33:44', 2),
(1002, 69644244, '2021-06-07', '08:20:07', 2),
(1003, 35965259, '2021-07-26', '11:55:13', 2),
(1004, 89416576, '2021-07-01', '03:01:04', 2),
(1005, 96661862, '2021-05-12', '12:23:03', 2),
(1006, 14111507, '2021-06-01', '08:53:13', 2),
(1007, 83236009, '2021-07-01', '05:02:04', 2),
(1008, 1502081, '2021-07-25', '04:42:16', 2),
(1009, 66437976, '2021-05-17', '11:18:33', 2),
(1010, 42063236, '2021-03-01', '09:41:57', 2),
(1011, 99810092, '2021-06-03', '04:03:10', 2),
(1012, 49664571, '2021-06-24', '08:01:57', 2),
(1013, 7161511, '2021-07-13', '05:49:08', 2),
(1014, 96802161, '2021-04-16', '12:11:48', 2),
(1015, 93084705, '2021-06-09', '08:37:17', 2),
(1016, 20488559, '2021-06-28', '12:14:44', 2),
(1017, 8049686, '2021-07-28', '06:42:00', 2),
(1018, 92514631, '2021-03-07', '08:52:03', 2),
(1019, 49599785, '2021-07-19', '08:55:33', 2),
(1020, 23191762, '2021-03-22', '07:47:46', 2),
(1021, 12270107, '2021-05-19', '01:36:51', 2),
(1022, 21166963, '2021-05-30', '09:25:31', 2),
(1023, 23170315, '2021-03-08', '10:44:24', 2),
(1024, 23572083, '2021-05-03', '06:06:15', 2),
(1025, 21006226, '2021-03-12', '09:08:48', 2),
(1026, 26555369, '2021-05-02', '06:41:12', 2),
(1027, 14947568, '2021-06-28', '06:05:56', 2),
(1028, 32295301, '2021-06-12', '08:12:28', 2),
(1029, 87388523, '2021-03-11', '08:27:06', 2),
(1030, 97550998, '2021-06-29', '08:02:51', 2),
(1031, 90573072, '2021-06-14', '08:09:46', 2),
(1032, 36275766, '2021-03-04', '09:21:48', 2),
(1033, 43372770, '2021-05-12', '06:18:49', 2),
(1034, 43449042, '2021-04-22', '05:57:30', 2),
(1035, 79602912, '2021-03-17', '09:40:15', 2),
(1036, 91394450, '2021-04-23', '01:10:16', 2),
(1037, 94952255, '2021-04-13', '12:23:27', 2),
(1038, 21968061, '2021-02-26', '02:44:01', 2),
(1039, 72714533, '2021-07-03', '08:18:24', 2),
(1040, 94173902, '2021-03-29', '08:15:42', 2),
(1041, 25345062, '2021-04-25', '01:10:35', 2),
(1042, 96632052, '2021-06-15', '07:56:55', 2),
(1043, 35618697, '2021-04-28', '04:21:52', 2),
(1044, 23530777, '2021-04-29', '05:56:30', 2),
(1045, 13689300, '2021-05-27', '08:33:54', 2),
(1046, 23193157, '2021-05-17', '02:00:59', 2),
(1047, 4603826, '2021-07-26', '09:09:09', 2),
(1048, 55706773, '2021-02-27', '10:45:21', 2),
(1049, 49923901, '2021-03-23', '08:28:00', 2),
(1050, 29486272, '2021-04-25', '01:01:10', 2),
(1051, 54623341, '2021-05-21', '06:02:20', 2),
(1052, 71075215, '2021-06-21', '03:41:44', 2),
(1053, 54839051, '2021-03-11', '10:52:12', 2),
(1054, 76114921, '2021-07-22', '05:01:58', 2),
(1055, 92718960, '2021-06-05', '09:10:24', 2),
(1056, 1789173, '2021-07-14', '03:07:43', 2),
(1057, 87503699, '2021-02-23', '06:15:34', 2),
(1058, 23916513, '2021-07-03', '05:03:59', 2),
(1059, 3696862, '2021-04-27', '02:21:08', 2),
(1060, 14999290, '2021-05-02', '07:25:44', 2),
(1061, 8133871, '2021-07-27', '06:16:59', 2),
(1062, 76496414, '2021-05-09', '08:49:30', 2),
(1063, 39382306, '2021-03-28', '06:11:54', 2),
(1064, 75982516, '2021-05-23', '04:58:55', 2),
(1065, 86667850, '2021-07-29', '06:42:21', 2),
(1066, 8318815, '2021-06-09', '07:38:53', 2),
(1067, 80146204, '2021-04-26', '11:18:49', 2),
(1068, 80181152, '2021-03-20', '09:21:13', 2),
(1069, 9940043, '2021-06-09', '02:07:52', 2),
(1070, 18247412, '2021-06-09', '12:18:46', 2),
(1071, 76092653, '2021-06-21', '10:09:43', 2),
(1072, 86470635, '2021-03-18', '09:02:48', 2),
(1073, 43583272, '2021-07-18', '07:57:46', 2),
(1074, 2511777, '2021-02-28', '03:17:36', 2),
(1075, 24393591, '2021-05-02', '10:37:35', 2),
(1076, 11173781, '2021-07-02', '06:55:59', 2),
(1077, 88963278, '2021-03-02', '03:53:21', 2),
(1078, 29542557, '2021-04-20', '08:03:10', 2),
(1079, 46354514, '2021-06-03', '07:45:42', 2),
(1080, 44197589, '2021-06-12', '12:33:50', 2),
(1081, 11491228, '2021-06-15', '08:54:39', 2),
(1082, 46001773, '2021-03-25', '08:27:20', 2),
(1083, 1455104, '2021-03-15', '01:26:20', 2),
(1084, 57529969, '2021-04-29', '08:52:00', 2),
(1085, 11966365, '2021-04-09', '09:40:29', 2),
(1086, 71430020, '2021-03-15', '09:48:03', 2),
(1087, 77487795, '2021-05-14', '07:05:16', 2),
(1088, 49680957, '2021-03-12', '08:00:42', 2),
(1089, 20410707, '2021-03-16', '05:49:12', 2),
(1090, 14942066, '2021-06-24', '06:48:17', 2),
(1091, 6230705, '2021-03-09', '01:58:46', 2),
(1092, 28022873, '2021-06-19', '10:51:06', 2),
(1093, 70265108, '2021-07-30', '09:46:53', 2),
(1094, 16791557, '2021-04-25', '07:43:45', 2),
(1095, 90380699, '2021-04-27', '08:35:29', 2),
(1096, 49912668, '2021-05-31', '09:45:24', 2),
(1097, 28219145, '2021-05-17', '03:06:19', 2),
(1098, 23731700, '2021-07-12', '08:45:44', 2),
(1099, 95051463, '2021-06-07', '02:46:37', 2),
(1100, 16014591, '2021-03-25', '12:46:38', 2),
(1101, 30444744, '2021-04-23', '09:56:53', 2),
(1102, 35710256, '2021-07-25', '06:06:44', 2),
(1103, 98509223, '2021-06-20', '02:56:02', 2),
(1104, 99564119, '2021-03-18', '03:38:17', 2),
(1105, 67602858, '2021-05-29', '08:47:54', 2),
(1106, 65064613, '2021-05-03', '08:28:52', 2),
(1107, 85294654, '2021-07-09', '03:48:33', 2),
(1108, 88032731, '2021-04-02', '10:59:35', 2),
(1109, 73221041, '2021-07-11', '05:26:54', 2),
(1110, 31016792, '2021-07-05', '04:32:49', 2),
(1111, 76540508, '2021-07-07', '01:38:38', 2),
(1112, 48941432, '2021-06-29', '10:19:46', 2),
(1113, 25187707, '2021-07-30', '10:59:23', 2),
(1114, 99851190, '2021-04-27', '07:49:12', 2),
(1115, 61124706, '2021-07-15', '09:44:44', 2),
(1116, 62376369, '2021-06-16', '01:55:21', 2),
(1117, 95647466, '2021-07-24', '04:54:00', 2),
(1118, 34858691, '2021-03-28', '01:48:00', 2),
(1119, 41670865, '2021-05-03', '09:37:48', 2),
(1120, 68881535, '2021-07-03', '11:50:22', 2),
(1121, 12167609, '2021-05-08', '09:06:45', 2),
(1122, 22415477, '2021-04-22', '06:35:48', 2),
(1123, 9545391, '2021-03-11', '09:44:01', 2),
(1124, 83720901, '2021-03-31', '09:25:37', 2),
(1125, 11019219, '2021-03-28', '03:55:29', 2),
(1126, 54828163, '2021-04-27', '11:10:19', 2),
(1127, 88278023, '2021-07-27', '05:50:12', 2),
(1128, 1928761, '2021-03-10', '06:40:20', 2),
(1129, 54338311, '2021-03-02', '02:17:06', 2),
(1130, 73593521, '2021-04-09', '09:21:30', 2),
(1131, 68587241, '2021-03-30', '05:51:13', 2),
(1132, 76889991, '2021-06-09', '08:14:11', 2),
(1133, 62673613, '2021-04-26', '11:49:27', 2),
(1134, 72927404, '2021-06-12', '10:28:38', 2),
(1135, 79609507, '2021-05-21', '04:37:58', 2);
INSERT INTO `appointment` (`AppointmentID`, `PatientHealthNumber`, `DateOfAppointment`, `TimeOfAppointment`, `DoseNumber`) VALUES
(1136, 1662631, '2021-04-21', '10:53:42', 2),
(1137, 62835201, '2021-03-25', '03:34:16', 2),
(1138, 43031605, '2021-03-03', '08:44:50', 2),
(1139, 72609565, '2021-05-08', '03:36:32', 2),
(1140, 43515920, '2021-06-13', '04:55:43', 2),
(1141, 78502502, '2021-05-09', '08:04:12', 2),
(1142, 49519675, '2021-07-08', '11:56:22', 2),
(1143, 10350946, '2021-05-23', '08:33:47', 2),
(1144, 15832796, '2021-05-30', '08:07:21', 2),
(1145, 5349742, '2021-04-15', '09:59:59', 2),
(1146, 53276426, '2021-04-05', '09:11:49', 2),
(1147, 42807323, '2021-07-13', '07:39:17', 2),
(1148, 1665949, '2021-03-05', '12:26:40', 2),
(1149, 42711516, '2021-05-25', '04:00:31', 2),
(1150, 36722091, '2021-02-28', '08:44:15', 2),
(1151, 83438504, '2021-05-16', '11:01:35', 2),
(1152, 77379478, '2021-03-04', '08:20:35', 2),
(1153, 99733911, '2021-04-02', '05:02:21', 2),
(1154, 25991519, '2021-07-17', '08:17:20', 2),
(1155, 34764083, '2021-05-16', '08:27:17', 2),
(1156, 66744617, '2021-07-10', '02:44:48', 2),
(1157, 70161480, '2021-07-17', '02:28:05', 2),
(1158, 85198889, '2021-04-14', '09:50:25', 2),
(1159, 95464380, '2021-03-05', '09:27:59', 2),
(1160, 38284586, '2021-05-24', '09:16:07', 2),
(1161, 57726518, '2021-06-19', '07:32:15', 2),
(1162, 40389865, '2021-06-22', '11:29:10', 2),
(1163, 81296209, '2021-05-04', '03:14:47', 2),
(1164, 73062480, '2021-05-26', '06:01:16', 2),
(1165, 82269758, '2021-03-09', '05:00:55', 2),
(1166, 83856286, '2021-04-14', '08:34:37', 2),
(1167, 17263837, '2021-05-17', '06:28:43', 2),
(1168, 59459018, '2021-07-09', '08:22:32', 2),
(1169, 74428843, '2021-06-24', '10:21:57', 2),
(1170, 18865021, '2021-06-02', '08:15:20', 2),
(1171, 4018361, '2021-07-12', '04:13:13', 2),
(1172, 5106899, '2021-05-07', '07:24:04', 2),
(1173, 8191138, '2021-07-24', '09:14:25', 2),
(1174, 51033652, '2021-03-01', '08:59:25', 2),
(1175, 89976843, '2021-04-02', '12:58:46', 2),
(1176, 51594379, '2021-04-28', '03:32:58', 2),
(1177, 6625258, '2021-07-30', '11:07:39', 2),
(1178, 99727723, '2021-04-02', '07:20:23', 2),
(1179, 72129523, '2021-07-27', '06:58:10', 2),
(1180, 35205103, '2021-03-24', '08:50:00', 2),
(1181, 8291361, '2021-05-19', '01:58:53', 2),
(1182, 38453799, '2021-04-01', '01:02:23', 2),
(1183, 15758779, '2021-03-10', '11:26:53', 2),
(1184, 36523206, '2021-06-09', '04:24:27', 2),
(1185, 74630766, '2021-05-31', '05:17:22', 2),
(1186, 38769019, '2021-04-16', '11:01:16', 2),
(1187, 30361397, '2021-06-28', '07:43:40', 2),
(1188, 63122838, '2021-06-18', '04:04:40', 2),
(1189, 43913311, '2021-05-21', '05:59:00', 2),
(1190, 13212172, '2021-03-26', '11:22:52', 2),
(1191, 92595710, '2021-05-01', '01:15:29', 2),
(1192, 3642555, '2021-03-30', '10:45:48', 2),
(1193, 87160857, '2021-06-04', '08:01:37', 2),
(1194, 70761717, '2021-06-21', '02:23:21', 2),
(1195, 9577867, '2021-03-24', '07:08:56', 2),
(1196, 62278284, '2021-03-14', '06:36:12', 2),
(1197, 63455083, '2021-07-12', '12:35:41', 2),
(1198, 72262706, '2021-06-08', '03:25:53', 2),
(1199, 77367447, '2021-05-14', '08:05:31', 2),
(1200, 26699651, '2021-05-05', '08:27:21', 2),
(1201, 86437836, '2021-03-08', '04:40:32', 2),
(1202, 13927222, '2021-05-24', '01:30:42', 2),
(1203, 27644511, '2021-05-26', '05:36:04', 2),
(1204, 32861022, '2021-04-28', '08:20:36', 2),
(1205, 96733568, '2021-06-28', '01:36:47', 2),
(1206, 3507621, '2021-03-03', '03:55:38', 2),
(1207, 33456681, '2021-06-05', '01:26:29', 2),
(1208, 81728119, '2021-06-28', '08:49:11', 2),
(1209, 9432351, '2021-05-20', '09:05:55', 2),
(1210, 38019233, '2021-07-24', '07:57:28', 2),
(1211, 27165091, '2021-06-14', '10:24:02', 2),
(1212, 77791875, '2021-03-20', '12:43:52', 2),
(1213, 28898834, '2021-03-18', '12:53:11', 2),
(1214, 42033516, '2021-04-18', '07:42:04', 2),
(1215, 71314366, '2021-02-26', '05:35:54', 2),
(1216, 39000826, '2021-05-30', '02:37:29', 2),
(1217, 22391994, '2021-04-10', '04:53:24', 2),
(1218, 59321373, '2021-04-13', '04:58:44', 2),
(1219, 29328911, '2021-04-16', '09:45:33', 2),
(1220, 33568433, '2021-06-26', '04:52:30', 2),
(1221, 36942942, '2021-04-26', '02:30:58', 2),
(1222, 55938704, '2021-04-05', '04:21:46', 2),
(1223, 82303489, '2021-06-29', '10:01:22', 2),
(1224, 13535940, '2021-03-26', '05:52:48', 2),
(1225, 84006647, '2021-07-30', '04:49:54', 2),
(1226, 71930455, '2021-07-16', '04:28:04', 2),
(1227, 63236368, '2021-05-13', '04:15:42', 2),
(1228, 89952603, '2021-04-01', '08:42:19', 2),
(1229, 8469654, '2021-07-28', '02:22:00', 2),
(1230, 37103435, '2021-05-03', '03:14:22', 2),
(1231, 64645386, '2021-06-13', '09:43:50', 2),
(1232, 85385789, '2021-04-24', '01:23:32', 2),
(1233, 18165590, '2021-05-10', '10:03:42', 2),
(1234, 66750263, '2021-05-13', '03:07:59', 2),
(1235, 37264776, '2021-04-15', '02:59:49', 2),
(1236, 46181355, '2021-03-07', '12:55:02', 2),
(1237, 16532715, '2021-05-13', '09:03:21', 2),
(1238, 6330320, '2021-05-13', '03:44:38', 2),
(1239, 69638176, '2021-04-29', '06:05:59', 2),
(1240, 55261031, '2021-07-15', '02:38:58', 2),
(1241, 3429927, '2021-05-09', '08:35:57', 2),
(1242, 99631979, '2021-06-17', '10:19:46', 2),
(1243, 36996207, '2021-05-24', '01:34:17', 2),
(1244, 20659750, '2021-05-08', '05:19:42', 2),
(1245, 80744949, '2021-03-14', '09:18:27', 2),
(1246, 29777919, '2021-07-17', '09:23:56', 2),
(1247, 87079033, '2021-06-24', '09:27:03', 2),
(1248, 2939902, '2021-04-15', '09:04:36', 2),
(1249, 67835760, '2021-02-26', '02:04:13', 2),
(1250, 93624621, '2021-05-08', '09:38:49', 2),
(1251, 67797575, '2021-04-05', '03:01:01', 2),
(1252, 95776652, '2021-03-21', '11:01:26', 2),
(1253, 90269470, '2021-07-03', '09:21:37', 2),
(1254, 3263913, '2021-03-22', '07:01:18', 2),
(1255, 97584386, '2021-06-27', '05:29:44', 2),
(1256, 37020226, '2021-04-30', '12:45:05', 2),
(1257, 23170129, '2021-02-24', '12:51:01', 2),
(1258, 11066113, '2021-03-08', '10:34:28', 2),
(1259, 17920157, '2021-05-18', '12:51:29', 2),
(1260, 14231437, '2021-05-08', '06:25:54', 2),
(1261, 64230526, '2021-06-18', '12:16:46', 2),
(1262, 97169109, '2021-07-04', '05:42:43', 2),
(1263, 74175838, '2021-06-24', '06:34:12', 2),
(1264, 27154827, '2021-02-27', '11:16:48', 2),
(1265, 9262990, '2021-05-14', '11:53:24', 2),
(1266, 94294985, '2021-04-22', '11:27:28', 2),
(1267, 42311044, '2021-06-13', '10:19:33', 2),
(1268, 46187918, '2021-04-03', '03:59:54', 2),
(1269, 44753343, '2021-05-17', '10:18:34', 2),
(1270, 10405732, '2021-03-26', '09:05:53', 2),
(1271, 21693942, '2021-07-17', '02:23:30', 2),
(1272, 61387795, '2021-04-19', '08:35:13', 2),
(1273, 54943477, '2021-06-08', '02:32:19', 2),
(1274, 5781925, '2021-04-23', '01:21:53', 2),
(1275, 25786916, '2021-05-26', '11:36:20', 2),
(1276, 54531645, '2021-02-28', '02:43:16', 2),
(1277, 64309182, '2021-04-14', '08:17:37', 2),
(1278, 78250590, '2021-05-12', '11:21:57', 2),
(1279, 86369754, '2021-05-25', '01:39:53', 2),
(1280, 82274756, '2021-06-27', '09:13:36', 2),
(1281, 43699581, '2021-07-08', '12:41:32', 2),
(1282, 11975828, '2021-04-16', '02:25:42', 2),
(1283, 42345832, '2021-07-12', '08:05:02', 2),
(1284, 82988806, '2021-05-24', '09:56:12', 2),
(1285, 97969447, '2021-04-26', '05:44:35', 2),
(1286, 17199826, '2021-05-16', '08:22:43', 2),
(1287, 64941823, '2021-06-22', '03:58:22', 2),
(1288, 19974407, '2021-03-02', '02:09:07', 2),
(1289, 59200820, '2021-03-11', '02:59:33', 2),
(1290, 48507348, '2021-04-29', '10:08:44', 2),
(1291, 90048140, '2021-05-31', '03:13:34', 2),
(1292, 59787667, '2021-05-24', '01:34:02', 2),
(1293, 4939447, '2021-05-27', '09:15:11', 2),
(1294, 57379923, '2021-03-03', '03:39:34', 2),
(1295, 66427946, '2021-07-17', '01:55:52', 2),
(1296, 89838510, '2021-06-04', '12:22:29', 2),
(1297, 3056076, '2021-05-09', '02:40:15', 2),
(1298, 82319173, '2021-05-01', '01:09:26', 2),
(1299, 85190332, '2021-03-03', '06:41:49', 2),
(1300, 72685222, '2021-04-17', '09:08:01', 2),
(1301, 50585928, '2021-06-23', '08:11:54', 2),
(1302, 92234083, '2021-05-10', '09:25:58', 2),
(1303, 70582032, '2021-05-11', '08:22:00', 2),
(1304, 16768281, '2021-06-24', '08:20:01', 2),
(1305, 46078372, '2021-06-02', '06:07:12', 2),
(1306, 89255751, '2021-07-13', '03:56:48', 2),
(1307, 79547771, '2021-03-20', '09:11:25', 2),
(1308, 63349135, '2021-03-29', '12:27:39', 2),
(1309, 60640841, '2021-04-25', '10:36:26', 2),
(1310, 6726184, '2021-07-23', '02:02:37', 2),
(1311, 59520093, '2021-05-25', '06:04:17', 2),
(1312, 20200023, '2021-05-27', '04:21:19', 2),
(1313, 12362105, '2021-03-14', '03:20:25', 2),
(1314, 50009350, '2021-06-24', '04:41:51', 2),
(1315, 20497905, '2021-02-25', '08:21:51', 2),
(1316, 86705776, '2021-07-30', '08:15:35', 2),
(1317, 5277894, '2021-05-15', '02:32:46', 2),
(1318, 47738504, '2021-07-11', '04:33:23', 2),
(1319, 59115413, '2021-04-19', '12:50:36', 2),
(1320, 78465718, '2021-02-28', '08:43:30', 2),
(1321, 65284278, '2021-05-06', '09:44:59', 2),
(1322, 96804530, '2021-06-08', '08:35:25', 2),
(1323, 45223984, '2021-06-30', '11:05:49', 2),
(1324, 91060403, '2021-06-02', '10:22:22', 2),
(1325, 44977799, '2021-07-05', '01:52:56', 2),
(1326, 93401533, '2021-04-24', '08:54:54', 2),
(1327, 50891682, '2021-03-01', '08:40:10', 2),
(1328, 20449585, '2021-04-30', '08:53:55', 2),
(1329, 57650931, '2021-06-08', '01:44:03', 2),
(1330, 1338752, '2021-03-28', '09:13:17', 2),
(1331, 9327190, '2021-03-30', '12:49:46', 2),
(1332, 57803082, '2021-07-13', '08:49:00', 2),
(1333, 77468270, '2021-03-18', '10:36:45', 2),
(1334, 83301416, '2021-04-03', '08:57:26', 2),
(1335, 72318541, '2021-06-29', '07:13:52', 2),
(1336, 28050592, '2021-06-18', '01:26:54', 2),
(1337, 21506941, '2021-06-23', '04:43:15', 2),
(1338, 78667604, '2021-03-01', '08:33:54', 2),
(1339, 52092931, '2021-07-01', '11:57:51', 2),
(1340, 49287176, '2021-03-29', '08:00:56', 2),
(1341, 34037079, '2021-04-15', '07:23:58', 2),
(1342, 57128274, '2021-04-02', '08:58:06', 2),
(1343, 48036746, '2021-03-23', '11:43:22', 2),
(1344, 22431842, '2021-04-18', '06:11:56', 2),
(1345, 1958414, '2021-06-09', '05:29:15', 2),
(1346, 77526182, '2021-04-30', '11:57:15', 2),
(1347, 85107662, '2021-02-28', '07:37:50', 2),
(1348, 70042936, '2021-07-09', '05:40:43', 2),
(1349, 99175327, '2021-05-04', '01:09:41', 2),
(1350, 8956768, '2021-03-26', '07:40:50', 2),
(1351, 72067978, '2021-03-31', '11:35:26', 2),
(1352, 93547020, '2021-02-23', '08:32:35', 2),
(1353, 45530894, '2021-02-23', '09:41:09', 2),
(1354, 47044704, '2021-03-12', '07:15:24', 2),
(1355, 53758495, '2021-07-16', '07:50:49', 2),
(1356, 37171222, '2021-07-23', '02:09:49', 2),
(1357, 70776788, '2021-03-21', '01:26:47', 2),
(1358, 86712198, '2021-07-03', '08:05:12', 2),
(1359, 97297864, '2021-02-25', '09:28:18', 2),
(1360, 7537671, '2021-05-21', '08:02:50', 2),
(1361, 81812876, '2021-07-04', '07:06:21', 2),
(1362, 13978626, '2021-06-15', '02:56:00', 2),
(1363, 53983753, '2021-03-30', '08:57:16', 2),
(1364, 1824776, '2021-04-21', '05:37:11', 2),
(1365, 15540035, '2021-07-11', '10:31:08', 2),
(1366, 35660187, '2021-05-11', '06:16:10', 2),
(1367, 23730503, '2021-03-23', '11:18:15', 2),
(1368, 49832140, '2021-05-16', '05:35:59', 2),
(1369, 14441272, '2021-07-18', '02:16:36', 2),
(1370, 99316117, '2021-07-15', '03:26:21', 2),
(1371, 95139072, '2021-05-12', '01:05:09', 2),
(1372, 92122763, '2021-03-23', '05:26:19', 2),
(1373, 33451667, '2021-07-06', '07:46:10', 2),
(1374, 79359704, '2021-07-18', '08:34:03', 2),
(1375, 58766506, '2021-02-23', '01:24:24', 2),
(1376, 86786710, '2021-04-02', '11:24:27', 2),
(1377, 20030821, '2021-03-03', '02:04:56', 2),
(1378, 88656297, '2021-03-08', '05:06:01', 2),
(1379, 55528199, '2021-05-11', '09:42:28', 2),
(1380, 59372456, '2021-03-08', '10:45:34', 2),
(1381, 43546971, '2021-06-08', '08:17:14', 2),
(1382, 89010219, '2021-07-26', '07:44:27', 2),
(1383, 96597132, '2021-04-14', '10:24:13', 2),
(1384, 85338679, '2021-05-20', '06:34:02', 2),
(1385, 81039319, '2021-06-25', '01:16:56', 2),
(1386, 62865300, '2021-04-02', '08:57:41', 2),
(1387, 78998138, '2021-03-13', '07:14:02', 2),
(1388, 29891790, '2021-06-28', '11:03:54', 2),
(1389, 52138087, '2021-04-17', '09:10:11', 2),
(1390, 10405903, '2021-03-21', '03:52:36', 2),
(1391, 24652257, '2021-07-16', '09:34:11', 2),
(1392, 60724074, '2021-07-23', '08:04:17', 2),
(1393, 92966867, '2021-06-28', '07:55:13', 2),
(1394, 79526465, '2021-05-13', '06:02:40', 2),
(1395, 14403589, '2021-03-09', '08:13:20', 2),
(1396, 73903668, '2021-03-15', '12:43:57', 2),
(1397, 10635873, '2021-06-26', '11:04:42', 2),
(1398, 80588549, '2021-04-18', '08:57:09', 2),
(1399, 12820732, '2021-07-08', '02:40:26', 2),
(1400, 12379420, '2021-03-14', '08:55:58', 2),
(1401, 90201582, '2021-03-29', '07:22:05', 2),
(1402, 18391228, '2021-03-09', '06:13:41', 2),
(1403, 6538277, '2021-04-28', '05:13:07', 2),
(1404, 82488751, '2021-03-26', '05:21:50', 2),
(1405, 84933662, '2021-03-23', '08:37:43', 2),
(1406, 57191606, '2021-06-05', '09:28:33', 2),
(1407, 59222190, '2021-07-13', '11:03:39', 2),
(1408, 62918812, '2021-03-26', '06:26:54', 2),
(1409, 31652046, '2021-04-03', '12:17:51', 2),
(1410, 56007464, '2021-07-02', '08:46:58', 2),
(1411, 35693667, '2021-06-03', '12:26:39', 2),
(1412, 82358819, '2021-04-08', '09:22:07', 2),
(1413, 45495205, '2021-04-02', '12:11:07', 2),
(1414, 32479552, '2021-07-14', '11:21:24', 2),
(1415, 66054319, '2021-07-30', '03:52:07', 2),
(1416, 95053467, '2021-05-23', '08:03:05', 2),
(1417, 54005731, '2021-05-13', '08:01:04', 2),
(1418, 20735705, '2021-07-22', '12:05:43', 2),
(1419, 4429147, '2021-05-21', '09:13:56', 2),
(1420, 70383105, '2021-04-26', '08:15:27', 2),
(1421, 21728134, '2021-05-06', '04:45:30', 2),
(1422, 12614311, '2021-03-13', '08:39:17', 2),
(1423, 82666164, '2021-04-20', '01:19:51', 2),
(1424, 21974535, '2021-04-25', '04:57:24', 2),
(1425, 89576727, '2021-07-06', '12:22:07', 2),
(1426, 18313164, '2021-03-02', '01:54:57', 2),
(1427, 17853255, '2021-06-06', '11:19:30', 2),
(1428, 64549578, '2021-03-08', '01:50:44', 2),
(1429, 48828299, '2021-03-30', '08:38:21', 2),
(1430, 11873888, '2021-03-22', '09:22:25', 2),
(1431, 46945339, '2021-07-14', '10:21:30', 2),
(1432, 5592055, '2021-03-24', '10:05:35', 2),
(1433, 59277051, '2021-07-23', '05:06:08', 2),
(1434, 75672560, '2021-04-12', '03:07:29', 2),
(1435, 51234366, '2021-03-23', '09:32:05', 2),
(1436, 78057672, '2021-06-22', '12:38:47', 2),
(1437, 47252091, '2021-07-25', '01:47:00', 2),
(1438, 30246381, '2021-05-29', '05:13:36', 2),
(1439, 23467105, '2021-07-10', '04:16:32', 2),
(1440, 90703280, '2021-07-08', '01:34:55', 2),
(1441, 71733297, '2021-04-06', '08:35:28', 2),
(1442, 99869569, '2021-03-01', '12:56:04', 2),
(1443, 8992543, '2021-03-06', '10:41:34', 2),
(1444, 36453229, '2021-06-12', '08:46:14', 2),
(1445, 82750785, '2021-03-15', '09:33:00', 2),
(1446, 67208846, '2021-04-15', '10:20:45', 2),
(1447, 33456426, '2021-04-30', '03:35:23', 2),
(1448, 98950664, '2021-05-02', '03:59:19', 2),
(1449, 19234407, '2021-03-22', '03:17:49', 2),
(1450, 12239508, '2021-07-28', '10:24:11', 2),
(1451, 40572321, '2021-06-10', '12:00:23', 2),
(1452, 8274382, '2021-04-07', '05:39:35', 2),
(1453, 7729085, '2021-06-28', '05:06:56', 2),
(1454, 88590683, '2021-07-11', '11:52:30', 2),
(1455, 43105279, '2021-03-04', '12:15:24', 2),
(1456, 17117221, '2021-04-10', '08:53:59', 2),
(1457, 19214684, '2021-06-05', '11:18:24', 2),
(1458, 40475850, '2021-07-09', '02:52:43', 2),
(1459, 64354556, '2021-03-30', '10:31:02', 2),
(1460, 19848857, '2021-03-23', '05:08:08', 2),
(1461, 82131075, '2021-03-04', '06:39:20', 2),
(1462, 83600159, '2021-05-09', '05:29:49', 2),
(1463, 98175454, '2021-07-17', '03:47:58', 2),
(1464, 68511156, '2021-02-23', '02:49:15', 2),
(1465, 1802531, '2021-04-28', '06:51:47', 2),
(1466, 96749071, '2021-04-22', '10:34:15', 2),
(1467, 79245264, '2021-07-08', '09:42:52', 2),
(1468, 82580654, '2021-05-23', '12:19:48', 2),
(1469, 94625567, '2021-03-05', '03:20:12', 2),
(1470, 22249639, '2021-05-02', '12:28:00', 2),
(1471, 57987450, '2021-06-26', '11:39:58', 2),
(1472, 62323108, '2021-02-28', '05:53:31', 2),
(1473, 1778257, '2021-04-07', '08:26:40', 2),
(1474, 58602981, '2021-05-11', '11:56:27', 2),
(1475, 38229818, '2021-04-28', '12:20:58', 2),
(1476, 23770124, '2021-02-27', '06:32:40', 2),
(1477, 11554380, '2021-05-10', '11:13:20', 2),
(1478, 50602088, '2021-05-25', '02:31:25', 2),
(1479, 39600078, '2021-04-17', '09:46:54', 2),
(1480, 5321002, '2021-05-30', '09:31:32', 2),
(1481, 14322155, '2021-03-27', '05:29:53', 2),
(1482, 60535000, '2021-05-27', '09:33:12', 2),
(1483, 44382667, '2021-04-01', '08:11:26', 2),
(1484, 15745289, '2021-06-03', '09:29:18', 2),
(1485, 57967271, '2021-06-01', '10:39:51', 2),
(1486, 42271665, '2021-03-08', '03:25:56', 2),
(1487, 9990941, '2021-06-16', '03:12:10', 2),
(1488, 30381375, '2021-04-13', '09:00:50', 2),
(1489, 2406602, '2021-03-02', '07:30:53', 2),
(1490, 68614993, '2021-07-21', '05:05:35', 2),
(1491, 43564890, '2021-06-23', '09:29:57', 2),
(1492, 59798880, '2021-02-25', '04:27:48', 2),
(1493, 21799413, '2021-04-03', '01:39:11', 2),
(1494, 20422780, '2021-05-18', '09:47:32', 2),
(1495, 73270451, '2021-06-17', '02:37:37', 2),
(1496, 5362476, '2021-07-03', '11:52:23', 2),
(1497, 26255616, '2021-07-01', '07:35:46', 2),
(1498, 43276075, '2021-06-19', '07:49:04', 2),
(1499, 92162007, '2021-07-11', '04:53:30', 2),
(1500, 10956917, '2021-06-05', '02:06:42', 2),
(1501, 94349555, '2021-07-22', '12:27:47', 2),
(1502, 82144847, '2021-04-02', '06:03:12', 2),
(1503, 16363225, '2021-06-23', '07:56:11', 2),
(1504, 10382424, '2021-04-26', '02:21:24', 2),
(1505, 5343699, '2021-03-23', '04:38:01', 2),
(1506, 66354678, '2021-05-28', '05:58:13', 2),
(1507, 21756845, '2021-04-12', '06:43:07', 2),
(1508, 24002060, '2021-03-04', '09:24:31', 2),
(1509, 46370235, '2021-05-18', '06:00:10', 2),
(1510, 34733339, '2021-03-08', '11:40:34', 2),
(1511, 84914339, '2021-03-11', '03:19:18', 2),
(1512, 74494137, '2021-06-30', '02:07:10', 2),
(1513, 91951530, '2021-07-07', '03:43:05', 2),
(1514, 40263754, '2021-03-05', '09:06:23', 2),
(1515, 4306514, '2021-03-18', '05:13:23', 2),
(1516, 12086045, '2021-04-08', '03:57:52', 2),
(1517, 8825600, '2021-04-07', '06:10:07', 2),
(1518, 60225219, '2021-06-26', '09:23:02', 2),
(1519, 26954724, '2021-06-05', '02:33:32', 2),
(1520, 91266955, '2021-05-08', '12:04:30', 2),
(1521, 35705157, '2021-06-05', '12:10:52', 2),
(1522, 20814055, '2021-06-24', '09:29:31', 2),
(1523, 81561392, '2021-04-06', '05:45:44', 2),
(1524, 71767248, '2021-04-28', '01:41:43', 2),
(1525, 13348615, '2021-05-14', '01:46:50', 2),
(1526, 68017045, '2021-03-04', '06:04:50', 2),
(1527, 77079549, '2021-05-06', '08:51:03', 2),
(1528, 97904189, '2021-03-10', '05:56:18', 2),
(1529, 10701856, '2021-06-28', '02:14:07', 2),
(1530, 65966391, '2021-04-23', '07:58:08', 2),
(1531, 13855988, '2021-04-30', '05:02:18', 2),
(1532, 60856708, '2021-02-26', '12:15:14', 2),
(1533, 40393881, '2021-06-30', '01:33:04', 2),
(1534, 18469530, '2021-07-26', '09:55:25', 2),
(1535, 91129605, '2021-05-31', '10:36:33', 2),
(1536, 1875015, '2021-04-11', '01:37:37', 2),
(1537, 28438127, '2021-04-12', '11:12:22', 2),
(1538, 43474326, '2021-03-27', '04:55:27', 2),
(1539, 60521899, '2021-03-31', '12:52:20', 2),
(1540, 55641702, '2021-05-03', '06:17:00', 2),
(1541, 8758059, '2021-07-18', '04:35:37', 2),
(1542, 72919227, '2021-05-25', '03:16:18', 2),
(1543, 30902857, '2021-04-23', '01:50:31', 2),
(1544, 60170364, '2021-05-23', '12:31:49', 2),
(1545, 66797395, '2021-03-18', '01:07:37', 2),
(1546, 2488570, '2021-07-30', '09:46:27', 2),
(1547, 37179861, '2021-03-12', '02:35:09', 2),
(1548, 28959370, '2021-05-24', '01:08:32', 2),
(1549, 38390110, '2021-06-16', '12:28:06', 2),
(1550, 60375249, '2021-03-03', '08:36:09', 2),
(1551, 42010844, '2021-07-11', '10:14:20', 2),
(1552, 22249384, '2021-04-14', '11:14:27', 2),
(1553, 27800769, '2021-07-04', '09:38:22', 2),
(1554, 37764217, '2021-06-16', '10:09:34', 2),
(1555, 33805843, '2021-07-18', '10:00:05', 2),
(1556, 83022164, '2021-06-22', '03:01:56', 2),
(1557, 76948054, '2021-04-24', '07:15:01', 2),
(1558, 36394996, '2021-05-12', '08:14:08', 2),
(1559, 15277722, '2021-03-25', '12:01:29', 2),
(1560, 90290098, '2021-05-19', '04:02:09', 2),
(1561, 60259609, '2021-04-30', '01:04:50', 2),
(1562, 70281366, '2021-05-13', '12:25:19', 2),
(1563, 33222127, '2021-03-22', '09:30:06', 2),
(1564, 88781817, '2021-03-17', '01:01:12', 2),
(1565, 41687850, '2021-05-21', '09:49:34', 2),
(1566, 49947259, '2021-06-25', '12:17:24', 2),
(1567, 99105653, '2021-06-02', '03:03:57', 2),
(1568, 72467273, '2021-06-28', '05:57:48', 2),
(1569, 19887999, '2021-06-12', '05:02:20', 2),
(1570, 93516151, '2021-06-18', '06:32:52', 2),
(1571, 38840862, '2021-06-14', '06:57:51', 2),
(1572, 23417843, '2021-07-21', '09:25:17', 2),
(1573, 49188155, '2021-06-01', '08:18:13', 2),
(1574, 37595758, '2021-07-20', '09:44:29', 2),
(1575, 34732771, '2021-04-14', '05:05:45', 2),
(1576, 42706153, '2021-02-27', '08:29:51', 2),
(1577, 18639017, '2021-07-22', '09:43:22', 2),
(1578, 16997656, '2021-04-19', '03:51:38', 2),
(1579, 79285482, '2021-04-16', '09:52:26', 2),
(1580, 39396926, '2021-03-19', '09:52:39', 2),
(1581, 92949213, '2021-06-09', '12:47:50', 2),
(1582, 86767283, '2021-04-28', '08:11:19', 2),
(1583, 57027678, '2021-04-03', '10:29:06', 2),
(1584, 43402486, '2021-03-11', '01:09:56', 2),
(1585, 74715189, '2021-03-11', '05:40:20', 2),
(1586, 59255564, '2021-04-05', '04:09:20', 2),
(1587, 51132689, '2021-05-20', '02:54:38', 2),
(1588, 37765188, '2021-04-21', '12:53:03', 2),
(1589, 91597608, '2021-02-23', '10:44:47', 2),
(1590, 69870576, '2021-06-15', '03:45:52', 2),
(1591, 52464522, '2021-03-06', '08:47:47', 2),
(1592, 34283640, '2021-04-08', '04:51:59', 2),
(1593, 91803535, '2021-05-01', '11:05:21', 2),
(1594, 27019989, '2021-06-29', '08:47:03', 2),
(1595, 14683730, '2021-03-09', '09:38:28', 2),
(1596, 43157532, '2021-07-06', '01:30:01', 2),
(1597, 55718975, '2021-06-13', '06:56:49', 2),
(1598, 84680060, '2021-04-24', '09:19:34', 2),
(1599, 16459844, '2021-03-24', '05:47:38', 2),
(1600, 40441321, '2021-04-11', '07:28:20', 2),
(1601, 81631174, '2021-04-19', '10:56:09', 2),
(1602, 1407555, '2021-05-11', '07:27:54', 2),
(1603, 87937836, '2021-05-04', '04:36:25', 2),
(1604, 39255070, '2021-06-09', '02:19:05', 2),
(1605, 51752914, '2021-03-01', '08:03:45', 2),
(1606, 96082112, '2021-02-22', '02:23:50', 2),
(1607, 85077435, '2021-05-05', '02:16:22', 2),
(1608, 46438703, '2021-04-22', '08:16:05', 2),
(1609, 7001310, '2021-06-02', '06:55:40', 2),
(1610, 35946804, '2021-03-06', '06:04:55', 2),
(1611, 68385110, '2021-07-21', '09:28:44', 2),
(1612, 13461256, '2021-05-09', '08:31:35', 2),
(1613, 51301003, '2021-04-07', '12:33:24', 2),
(1614, 58541672, '2021-05-14', '09:14:20', 2),
(1615, 6092911, '2021-05-30', '08:33:51', 2),
(1616, 32874167, '2021-03-01', '05:24:13', 2),
(1617, 61263721, '2021-03-12', '11:34:16', 2),
(1618, 90402723, '2021-05-11', '10:53:26', 2),
(1619, 94714779, '2021-07-02', '03:21:40', 2),
(1620, 13955850, '2021-07-05', '09:39:25', 2),
(1621, 96352328, '2021-07-21', '05:33:21', 2),
(1622, 46020106, '2021-05-01', '03:35:27', 2),
(1623, 11360301, '2021-04-22', '02:42:39', 2),
(1624, 60164680, '2021-04-17', '03:01:45', 2),
(1625, 64396777, '2021-03-11', '01:04:12', 2),
(1626, 55732704, '2021-03-04', '08:05:04', 2),
(1627, 19612223, '2021-03-15', '08:37:47', 2),
(1628, 29226858, '2021-07-07', '12:49:32', 2),
(1629, 78215995, '2021-02-24', '08:22:28', 2),
(1630, 19894933, '2021-04-23', '01:15:14', 2),
(1631, 62412504, '2021-04-27', '05:59:37', 2),
(1632, 3357499, '2021-03-06', '01:52:37', 2),
(1633, 91751409, '2021-03-30', '01:57:31', 2),
(1634, 28980362, '2021-04-09', '11:51:03', 2),
(1635, 1540607, '2021-04-30', '02:04:34', 2),
(1636, 99849833, '2021-03-04', '08:33:53', 2),
(1637, 31721322, '2021-05-07', '05:21:05', 2),
(1638, 49463820, '2021-04-27', '09:22:36', 2),
(1639, 36886444, '2021-05-07', '08:06:29', 2),
(1640, 5758908, '2021-03-01', '11:55:41', 2),
(1641, 87563240, '2021-05-24', '12:19:44', 2),
(1642, 15121689, '2021-04-20', '08:20:39', 2),
(1643, 44058684, '2021-03-07', '04:09:04', 2),
(1644, 15299148, '2021-03-10', '08:27:45', 2),
(1645, 30011147, '2021-03-07', '08:05:41', 2),
(1646, 74827234, '2021-07-13', '05:37:46', 2),
(1647, 45691208, '2021-03-04', '10:13:18', 2),
(1648, 41292977, '2021-03-21', '10:37:39', 2),
(1649, 87972843, '2021-04-04', '02:00:57', 2),
(1650, 53661144, '2021-05-06', '06:10:12', 2),
(1651, 57358628, '2021-04-30', '08:15:09', 2),
(1652, 38926596, '2021-05-19', '01:22:56', 2),
(1653, 9447673, '2021-04-24', '01:10:05', 2),
(1654, 59406204, '2021-06-24', '09:05:34', 2),
(1655, 21931704, '2021-05-10', '08:29:10', 2),
(1656, 2105484, '2021-02-26', '10:12:15', 2),
(1657, 65806250, '2021-07-21', '01:08:34', 2),
(1658, 85809890, '2021-07-13', '06:31:42', 2),
(1659, 24196630, '2021-03-01', '03:38:56', 2),
(1660, 6775420, '2021-04-02', '11:26:34', 2),
(1661, 49454932, '2021-07-17', '12:56:20', 2),
(1662, 98605570, '2021-03-20', '08:18:04', 2),
(1663, 50660563, '2021-03-31', '11:05:41', 2),
(1664, 62864593, '2021-06-29', '11:35:26', 2),
(1665, 71122696, '2021-04-28', '08:58:41', 2),
(1666, 34918309, '2021-06-23', '08:00:52', 2),
(1667, 31280798, '2021-05-29', '07:10:47', 2),
(1668, 34997810, '2021-03-13', '02:38:54', 2),
(1669, 96570122, '2021-04-22', '02:31:43', 2),
(1670, 56851744, '2021-07-21', '12:39:24', 2),
(1671, 30430341, '2021-03-30', '05:13:13', 2),
(1672, 27074668, '2021-05-22', '11:50:28', 2),
(1673, 9116292, '2021-06-22', '07:11:06', 2),
(1674, 55618846, '2021-06-27', '04:17:32', 2),
(1675, 17106385, '2021-04-17', '01:01:50', 2),
(1676, 33720967, '2021-03-12', '05:22:27', 2),
(1677, 61721225, '2021-07-10', '05:34:02', 2),
(1678, 3505218, '2021-05-31', '02:17:59', 2),
(1679, 66006191, '2021-04-08', '09:19:53', 2),
(1680, 88561920, '2021-03-23', '08:06:17', 2),
(1681, 37441881, '2021-03-15', '04:40:00', 2),
(1682, 70811446, '2021-05-08', '05:44:53', 2),
(1683, 60541191, '2021-03-03', '05:00:32', 2),
(1684, 21191627, '2021-02-26', '08:58:31', 2),
(1685, 83134629, '2021-06-30', '08:39:32', 2),
(1686, 22311591, '2021-03-22', '02:56:26', 2),
(1687, 11934474, '2021-05-07', '05:16:31', 2),
(1688, 84853780, '2021-05-26', '06:34:31', 2),
(1689, 99357296, '2021-06-13', '07:56:23', 2),
(1690, 19147143, '2021-05-20', '05:48:20', 2),
(1691, 97501023, '2021-06-28', '10:14:33', 2),
(1692, 2870378, '2021-05-25', '05:30:46', 2),
(1693, 31326033, '2021-04-29', '06:21:12', 2),
(1694, 16955508, '2021-05-12', '11:24:52', 2),
(1695, 94604218, '2021-07-18', '11:29:43', 2),
(1696, 81531900, '2021-06-07', '07:15:47', 2),
(1697, 40862053, '2021-03-01', '09:25:44', 2),
(1698, 44710449, '2021-06-21', '03:20:30', 2),
(1699, 99287560, '2021-05-18', '09:45:16', 2),
(1700, 89027495, '2021-06-30', '02:51:10', 2),
(1701, 10676561, '2021-07-04', '11:40:50', 2),
(1702, 73598321, '2021-03-18', '03:10:59', 2),
(1703, 35490584, '2021-07-23', '07:11:29', 2),
(1704, 39348776, '2021-05-04', '08:03:39', 2),
(1705, 77366604, '2021-04-07', '03:25:40', 2),
(1706, 95506904, '2021-06-11', '10:21:24', 2),
(1707, 11286357, '2021-07-04', '08:45:23', 2),
(1708, 39985018, '2021-04-02', '04:55:28', 2),
(1709, 98601947, '2021-06-17', '03:11:42', 2),
(1710, 93920977, '2021-05-23', '03:58:14', 2);


INSERT INTO `clinic` (`ClinicID`, `Name`, `PostalCode`) VALUES
(101, 'Cobourg North Clinic', 110043),
(102, 'Cobourg East Clinic', 120078),
(103, 'Cobourg Community Center', 468412),
(104, 'Cobourg West Clinic', 145008),
(105, 'CCI Clinic', 267798);

INSERT INTO `orderplaced` (`OrderID`, `Supp_ID`, `Clin_ID`) VALUES
(1, 2, 105),
(2, 3, 104),
(3, 4, 102),
(4, 2, 104),
(5, 4, 101),
(6, 3, 102),
(7, 4, 105),
(8, 4, 103),
(9, 2, 105),
(10, 2, 103),
(11, 4, 105),
(12, 3, 104),
(13, 2, 101),
(14, 3, 104),
(15, 1, 104),
(16, 1, 105),
(17, 4, 103),
(18, 1, 103),
(19, 4, 104),
(20, 1, 105),
(21, 1, 101),
(22, 4, 105),
(23, 3, 102),
(24, 1, 103),
(25, 4, 105),
(26, 4, 105),
(27, 4, 105),
(28, 3, 104),
(29, 4, 103),
(30, 1, 101),
(31, 4, 104),
(32, 2, 105),
(33, 1, 101),
(34, 2, 104),
(35, 3, 104),
(36, 2, 102),
(37, 1, 104),
(38, 4, 101),
(39, 2, 101),
(40, 1, 102);



INSERT INTO `station` (`StationID`, `Type`, `Clinic_ID`) VALUES
(1, 'Vaccination', 101),
(2, 'Vaccination', 101),
(3, 'Vaccination', 101),
(4, 'Vaccination', 101),
(5, 'Vaccination', 101),
(6, 'Temperature Check', 101),
(7, 'Covid Screening', 101),
(8, 'Temperature Check', 101),
(9, 'Covid Screening', 101),
(10, 'Checkin', 101),
(11, 'Receipt Issue', 101),
(12, 'Checkin', 101),
(13, 'Receipt Issue', 101),
(14, 'Vaccination', 102),
(15, 'Vaccination', 102),
(16, 'Vaccination', 102),
(17, 'Vaccination', 102),
(18, 'Vaccination', 102),
(19, 'Temperature Check', 102),
(20, 'Covid Screening', 102),
(21, 'Temperature Check', 102),
(22, 'Covid Screening', 102),
(23, 'Checkin', 102),
(24, 'Receipt Issue', 102),
(25, 'Checkin', 102),
(26, 'Receipt Issue', 102),
(27, 'Vaccination', 103),
(28, 'Vaccination', 103),
(29, 'Vaccination', 103),
(30, 'Vaccination', 103),
(31, 'Vaccination', 103),
(32, 'Temperature Check', 103),
(33, 'Covid Screening', 103),
(34, 'Temperature Check', 103),
(35, 'Covid Screening', 103),
(36, 'Checkin', 103),
(37, 'Receipt Issue', 103),
(38, 'Checkin', 103),
(39, 'Receipt Issue', 103),
(40, 'Vaccination', 104),
(41, 'Vaccination', 104),
(42, 'Vaccination', 104),
(43, 'Vaccination', 104),
(44, 'Vaccination', 104),
(45, 'Temperature Check', 104),
(46, 'Covid Screening', 104),
(47, 'Temperature Check', 104),
(48, 'Covid Screening', 104),
(49, 'Checkin', 104),
(50, 'Receipt Issue', 104),
(51, 'Checkin', 104),
(52, 'Receipt Issue', 104),
(53, 'Vaccination', 105),
(54, 'Vaccination', 105),
(55, 'Vaccination', 105),
(56, 'Vaccination', 105),
(57, 'Vaccination', 105),
(58, 'Temperature Check', 105),
(59, 'Covid Screening', 105),
(60, 'Temperature Check', 105),
(61, 'Covid Screening', 105),
(62, 'Checkin', 105),
(63, 'Receipt Issue', 105),
(64, 'Checkin', 105),
(65, 'Receipt Issue', 105);



INSERT INTO `staff` (`StaffNumber`, `Name`) VALUES
(1, 'Rochelle Davidy'),
(2, 'Suki Rhule'),
(3, 'Germaine Fardoe'),
(4, 'Roderigo Gurner'),
(5, 'Malina Fripp'),
(6, 'Esmaria Tolomei'),
(7, 'Townsend Bedder'),
(8, 'Perice Meads'),
(9, 'Meghan Doonican'),
(10, 'Den Smallman'),
(11, 'Brant Dron'),
(12, 'Annecorinne Skellorne'),
(13, 'Gayelord Elvey'),
(14, 'Lyndel Jedrzejczak'),
(15, 'Rene Snowsill'),
(16, 'Woodman Christophle'),
(17, 'Torry Inder'),
(18, 'Izak Epilet'),
(19, 'Ibrahim Danzelman'),
(20, 'Pierette Tyt'),
(21, 'Sofie Clulee'),
(22, 'Allina Kinig'),
(23, 'Isac Cottie'),
(24, 'Cassandre Lossman'),
(25, 'Torie Maddocks'),
(26, 'Abra Carrington'),
(27, 'Shawn Richichi'),
(28, 'Tricia Frawley'),
(29, 'Purcell Horburgh'),
(30, 'Thibaud Bramwich'),
(31, 'Otho Milne'),
(32, 'Riobard Darinton'),
(33, 'Yvor Aitcheson'),
(34, 'Brnaby Wynett'),
(35, 'Anthe Cramond'),
(36, 'Desiree Arends'),
(37, 'Nelle Zorn'),
(38, 'Janetta Westrope'),
(39, 'Terencio Brotheridge'),
(40, 'Ambrosi Dumbarton'),
(41, 'Mala Brixham'),
(42, 'Frasco Dundon'),
(43, 'Batsheva Tilmouth'),
(44, 'Tim Pourvoieur'),
(45, 'Renelle Hackett'),
(46, 'Ibrahim Beggs'),
(47, 'Page Easen'),
(48, 'Andrew Crayden'),
(49, 'Esteban Niemetz'),
(50, 'Christina Rye'),
(51, 'Felisha Applegarth'),
(52, 'Carlita Cohalan'),
(53, 'Alfie Tiebe'),
(54, 'Wolfie Divill'),
(55, 'Davie Gannaway'),
(56, 'Jeannine Wysome'),
(57, 'Carmel Sexti'),
(58, 'Joline Martinuzzi'),
(59, 'Darcey Styche'),
(60, 'Conway Kahan'),
(61, 'Penny Keppe'),
(62, 'Florian Haycock'),
(63, 'Orsola McClements'),
(64, 'Juliane Kristufek'),
(65, 'Verney Beaver'),
(66, 'Bevan Mattheissen'),
(67, 'Willetta Wollen'),
(68, 'Corenda Selwyn'),
(69, 'Hube Mallatratt'),
(70, 'Artemus Squirrel'),
(71, 'Spike Coye'),
(72, 'Frannie Ellgood'),
(73, 'Lanni Dinsey'),
(74, 'Garwin Veschambre'),
(75, 'Trent Winspar'),
(76, 'Odille Gammage'),
(77, 'Aleen Creagh'),
(78, 'Isobel Karolyi'),
(79, 'Addi Cory'),
(80, 'Celinka Oldis'),
(81, 'Ginger Durrett'),
(82, 'Katie Maunton'),
(83, 'Sander Wildman'),
(84, 'Betty Vedenichev'),
(85, 'Colby Babalola'),
(86, 'Esra O\'Duggan'),
(87, 'Adamo Quogan'),
(88, 'Rolando Rihosek'),
(89, 'Jehanna Endicott'),
(90, 'Bev Dunhill'),
(91, 'Cobbie Margach'),
(92, 'Frieda Kigelman'),
(93, 'Lenora Stuehmeyer'),
(94, 'Olly Bearward'),
(95, 'Lockwood Worling'),
(96, 'Feliks Pavese'),
(97, 'Parrnell Alen'),
(98, 'Claudelle Mitchenson'),
(99, 'Eal Bohills'),
(100, 'Vivian Van Merwe'),
(101, 'Marillin Beentjes'),
(102, 'Chancey Fripps'),
(103, 'Shirline Jankiewicz'),
(104, 'Rodolfo Shivell'),
(105, 'Sue Goodlett'),
(106, 'Ilyse Bolstridge'),
(107, 'Alasdair Pindar'),
(108, 'Sondra Busch'),
(109, 'Maegan Backler'),
(110, 'Ingrid Trevino'),
(111, 'Lona Scopyn'),
(112, 'Elihu Horsley'),
(113, 'Peggi Cable'),
(114, 'Francisco Daspar'),
(115, 'Justine Mitham'),
(116, 'Guendolen Coddrington'),
(117, 'Maighdiln Attride'),
(118, 'Marin Yakovich'),
(119, 'Crissy Corbould'),
(120, 'Zacherie Siene'),
(121, 'Goddard Murrigan'),
(122, 'Brigg Malecky'),
(123, 'Cullin Dalling'),
(124, 'Stanwood Gervaise'),
(125, 'Gleda Spinetti'),
(126, 'Nesta Vasenkov'),
(127, 'Maynard Horsburgh'),
(128, 'Mel Igounet'),
(129, 'Fay Castillon'),
(130, 'Fancy Sarra'),
(131, 'Burgess Caberas'),
(132, 'Abelard Gawkes'),
(133, 'Orsa Hitschke'),
(134, 'Chet See'),
(135, 'Esmaria Amos'),
(136, 'Skip Maynell'),
(137, 'Averill Habbes'),
(138, 'Casey Lowen'),
(139, 'Avril Gauler'),
(140, 'Manda Heliar'),
(141, 'Priscella Norvell'),
(142, 'Simona Cayley'),
(143, 'Con Buxsy'),
(144, 'Normand Connar'),
(145, 'Beilul Steinor'),
(146, 'Sayre Erlam'),
(147, 'Carol-jean Dearden'),
(148, 'Roxine Hairon'),
(149, 'Marjy Waith'),
(150, 'Renate Jaegar'),
(151, 'Calley Suermeiers'),
(152, 'Germayne Yukhnev'),
(153, 'Ivy Espinay'),
(154, 'Marcela Goulding'),
(155, 'Pattin Desson'),
(156, 'Dana Reinisch'),
(157, 'Chantalle Laxe'),
(158, 'Linea Jacquest'),
(159, 'Shayne Brattell'),
(160, 'Cherlyn MacCaghan'),
(161, 'Nolan O\'Mullally'),
(162, 'Michal Erdes'),
(163, 'Aldis Kerfod'),
(164, 'Jilly McComb'),
(165, 'Evyn Graeber'),
(166, 'Codi Leap'),
(167, 'Adriano Corthes'),
(168, 'Christie Rudall'),
(169, 'Aindrea Klamman'),
(170, 'Bill Klugel'),
(171, 'Helga Skrzynski'),
(172, 'Tabina Burbage'),
(173, 'Eolanda Tye'),
(174, 'Theo Delacroux'),
(175, 'Charmian Cave'),
(176, 'Yorker Haisell'),
(177, 'Herta Staff'),
(178, 'Evelyn Juszczak'),
(179, 'Trueman Dumbelton'),
(180, 'Thalia Loudian'),
(181, 'Brittany Ferrieri'),
(182, 'Tabbie Hilliam'),
(183, 'Caddric Kamall'),
(184, 'Washington Lucy'),
(185, 'Sax Kuhnt'),
(186, 'Sandie Jurick'),
(187, 'Hanan Boncore'),
(188, 'Lindsay Lippo'),
(189, 'Clerissa Tonkinson'),
(190, 'Smith Bestall'),
(191, 'Gracie Robjant'),
(192, 'Philippine Scurrell'),
(193, 'Corena Rarity'),
(194, 'Sisile Sneddon'),
(195, 'Claiborn Ivanyukov'),
(196, 'Birk Wife'),
(197, 'Cesar Abrahamsen'),
(198, 'Archaimbaud Thiese'),
(199, 'Melisent Irdale'),
(200, 'Lulita Darrell'),
(201, 'Nial Iapico'),
(202, 'Collete Lickess'),
(203, 'Joelle Haeslier'),
(204, 'Nealson Dary'),
(205, 'Duff Ajean'),
(206, 'Willie Enevoldsen'),
(207, 'Pam Antognelli'),
(208, 'Gherardo Ropking'),
(209, 'Dani Nockolds'),
(210, 'Nicola Haselup'),
(211, 'Antoni Grinstead'),
(212, 'Kylen Wynett'),
(213, 'Beale Rockcliff'),
(214, 'Lexis Fearnsides'),
(215, 'Rollin Bechley'),
(216, 'Nancey Trowel'),
(217, 'Bibby Ioannidis'),
(218, 'Doroteya Pantecost'),
(219, 'Osbourn Cleminson'),
(220, 'Clim Tiron'),
(221, 'Kaleb Hellewell'),
(222, 'Nevin Braddon'),
(223, 'Malissia Stanlake'),
(224, 'Warde Benaine'),
(225, 'Kaile Rannells'),
(226, 'Andra Nibley'),
(227, 'Blondell Mahomet'),
(228, 'Ellissa Koschke'),
(229, 'Lucien Izzat'),
(230, 'Ynez Rampage'),
(231, 'Joseph Melmoth'),
(232, 'Wang Skinn'),
(233, 'Donnell Prestie'),
(234, 'Peyter Charters'),
(235, 'Zena Brimblecomb'),
(236, 'Elisabet Lunam'),
(237, 'Julie Shoebotham'),
(238, 'Flore Haxley'),
(239, 'Anne-marie Bonnet'),
(240, 'Cassy Asple'),
(241, 'Janna Nand'),
(242, 'Derick MacGorrie'),
(243, 'Adolpho Symers'),
(244, 'Cammy Pagram'),
(245, 'Rudolph Berrick'),
(246, 'Roley Whinney'),
(247, 'Jaymie Dibnah'),
(248, 'Giffer Guerreau'),
(249, 'Ruthanne Ernke'),
(250, 'Reinhold Tommaseo'),
(251, 'Doralin Treeby'),
(252, 'Zuzana Cossom'),
(253, 'Melva Lewsam'),
(254, 'Chryste Jirzik'),
(255, 'Gonzales Yakolev'),
(256, 'Stanford Labrum'),
(257, 'Corene Dowle'),
(258, 'Dougie Ozanne'),
(259, 'Rene Peacey'),
(260, 'Almire Forlong'),
(261, 'Fair Pauleit'),
(262, 'Antons Lawler'),
(263, 'Elisha Skellington'),
(264, 'Patty Keers'),
(265, 'Laurella Mollindinia'),
(266, 'Alis Sauniere'),
(267, 'Oswald Newland'),
(268, 'Candie Lawty'),
(269, 'Geoff Muzzall'),
(270, 'Gerardo Briton'),
(271, 'Celestia Ault'),
(272, 'Robbie Miners'),
(273, 'Marion Stanning'),
(274, 'Kean Gallaher'),
(275, 'Vaclav Johananov'),
(276, 'Rita Moen'),
(277, 'Jeanna Leipnik'),
(278, 'Nance Fitzackerley'),
(279, 'Morris Dunster'),
(280, 'Atalanta Bainbridge'),
(281, 'Clarke Maskall'),
(282, 'Cullie Dunbobbin'),
(283, 'Hussein Greenset'),
(284, 'Anissa Keep'),
(285, 'Johanna Hunnisett'),
(286, 'Sly Allkins'),
(287, 'Malcolm Snoddy'),
(288, 'Suzy Gile'),
(289, 'Charisse Eburah'),
(290, 'Tory Mochan'),
(291, 'Edee Titley'),
(292, 'Mischa Dominelli'),
(293, 'Phylys Beet'),
(294, 'Chad Breagan'),
(295, 'Den Dargie'),
(296, 'Angelita Chidler'),
(297, 'Rosemarie Grund'),
(298, 'Zebulen Grimmer'),
(299, 'Cassey Halse'),
(300, 'Alvera Whitaker'),
(301, 'Minerva Cordeau]'),
(302, 'Andrei Banks'),
(303, 'Lucienne Henfre'),
(304, 'Faunie Pourveer'),
(305, 'Kelwin Doldon'),
(306, 'Cleavland MacKimm'),
(307, 'Athena Embury'),
(308, 'Effie Leipold'),
(309, 'Stephie Quarlis'),
(310, 'Kalil McCarroll'),
(311, 'Collen Lough'),
(312, 'Eleen Culpen'),
(313, 'Maiga Parnham'),
(314, 'Carleen Corben'),
(315, 'Mersey Hargreves'),
(316, 'Tiffanie Tryme'),
(317, 'Jarrid Diss'),
(318, 'Mason Lincke'),
(319, 'Vidovic Izachik'),
(320, 'Zebadiah Penvarne'),
(321, 'Richard Molan'),
(322, 'Doreen McClancy'),
(323, 'Clive Wyd'),
(324, 'Cortie Annetts'),
(325, 'Brittaney Pendred'),
(326, 'Gaelan Sinclaire'),
(327, 'Trueman Stevings'),
(328, 'Roderic O\'Gormley'),
(329, 'Darcy Skilbeck'),
(330, 'Jehanna Waggatt'),
(331, 'Paddie Creagh'),
(332, 'Verna Bedbury'),
(333, 'Ike McMains'),
(334, 'Vivie Darrigone'),
(335, 'Dennet Dufoure'),
(336, 'Yancey Corson'),
(337, 'Killie Toby'),
(338, 'Brit Goodlake'),
(339, 'Yvor Emsley'),
(340, 'Thomasa Macbane'),
(341, 'Meredith Keoghan'),
(342, 'Claude Mosdall'),
(343, 'Ximenez Lain'),
(344, 'Maurene Kilfoyle'),
(345, 'Chadwick Rennolds'),
(346, 'Connie Raubenheim'),
(347, 'Lillian Loftie'),
(348, 'Angelique Jori'),
(349, 'Lissi Downton'),
(350, 'Moses McUre'),
(351, 'Quentin Bythell'),
(352, 'Lenee Easdon'),
(353, 'Inesita Cubin'),
(354, 'Gail Gheeraert'),
(355, 'Marcella De la Feld'),
(356, 'Celka Sallans'),
(357, 'Lilia Olennikov'),
(358, 'Kalli Delgadillo'),
(359, 'Dyna Sygroves'),
(360, 'Asa Hymans'),
(361, 'Bianca Jachimczak'),
(362, 'Andrej Domenico'),
(363, 'Grant Wannell'),
(364, 'Maddie Olman'),
(365, 'Alard Lackie'),
(366, 'Georgi Ioannou'),
(367, 'Clem Bisset'),
(368, 'Kyrstin Ovenell'),
(369, 'Mordy Corhard'),
(370, 'Moshe McGahy'),
(371, 'Kathrine Domeney'),
(372, 'Debi Roux'),
(373, 'Fee Crumbie'),
(374, 'Karilynn Thyer'),
(375, 'Des Prior'),
(376, 'Lurleen Mannix'),
(377, 'Jenny Guinnane'),
(378, 'Stanfield Gear'),
(379, 'Renato Lembrick'),
(380, 'Amory Pudsall'),
(381, 'Tarrance Sartin'),
(382, 'Meggi Sherman'),
(383, 'Alastair Goulden'),
(384, 'Corly Cottie'),
(385, 'Duffie McTrustie'),
(386, 'Lucias Jerrard'),
(387, 'Ringo Bellam'),
(388, 'Sergeant Keward'),
(389, 'Butch Alton'),
(390, 'Susann Rowcastle'),
(391, 'Frank Da Costa'),
(392, 'Jeffie Broschek'),
(393, 'Alistair Yarnold'),
(394, 'Kaycee Tesdale'),
(395, 'Ettie Menaul'),
(396, 'Sally Boshier'),
(397, 'Novelia Knill'),
(398, 'Corrianne Dougherty'),
(399, 'Cherilyn Frushard'),
(400, 'Ferd Corten'),
(401, 'Rochella Gilbert'),
(402, 'Scarlet Ruvel'),
(403, 'Burlie Morena'),
(404, 'Bobby Copperwaite'),
(405, 'Robinette Pitchford'),
(406, 'Jilli Renad'),
(407, 'Gwenore Weymouth'),
(408, 'Geoffrey Lugton'),
(409, 'Ashleigh Predohl'),
(410, 'Tiff Deane'),
(411, 'Correy Lodwick'),
(412, 'Hendrika Pisculli'),
(413, 'Alden Reditt'),
(414, 'Cherianne Bartali'),
(415, 'Roosevelt Donnison'),
(416, 'Dosi Deddum'),
(417, 'Tabb Tiron'),
(418, 'Harman Avann'),
(419, 'Rozele Wisdom'),
(420, 'Aloysia Gunbie'),
(421, 'Sherri Driutti'),
(422, 'Aggy Robinette'),
(423, 'Dannie Balcon'),
(424, 'Kimberlee Steljes'),
(425, 'Marigold Keys'),
(426, 'Zorana Kendrew'),
(427, 'Marie-jeanne Hellwich'),
(428, 'Colby Foulstone'),
(429, 'Gustaf Goade'),
(430, 'Lorilee Lowerson'),
(431, 'Melva Licas'),
(432, 'Patty Noyes'),
(433, 'Paige Acaster'),
(434, 'Mayne Brick'),
(435, 'Howard Cusiter'),
(436, 'Elspeth Paddell'),
(437, 'Caprice Mangenot'),
(438, 'Cobbie Kingerby'),
(439, 'Dorene Brinded'),
(440, 'Hannie Wycherley'),
(441, 'Rosita Janoschek'),
(442, 'Wenda Trimming'),
(443, 'Hoebart Netting'),
(444, 'Johnathon Demko'),
(445, 'Anatollo Paunton'),
(446, 'Bald Karolovsky'),
(447, 'Onofredo Jurkiewicz'),
(448, 'Tessy Gallo'),
(449, 'Tedmund Curl'),
(450, 'Mikaela Bradd'),
(451, 'Erroll Burthom'),
(452, 'Cleveland Darkott'),
(453, 'Lamont Straffon'),
(454, 'Dione Blunsom'),
(455, 'Ronda Napoli'),
(456, 'Elberta Goroni'),
(457, 'Harmonie Maggs'),
(458, 'Nye Rockhill'),
(459, 'Ralina Orrow'),
(460, 'Grete Pennuzzi'),
(461, 'Lavinie Killelay'),
(462, 'Adler Henighan'),
(463, 'Gretal Illing'),
(464, 'Alfy Sparsholt'),
(465, 'Matteo Macbeth'),
(466, 'Alberta Archibould'),
(467, 'Barnabe Ander'),
(468, 'Gennifer Gosart'),
(469, 'Annadiane Christer'),
(470, 'Dannie Fettiplace'),
(471, 'Krissie Cattini'),
(472, 'Kynthia Fredson'),
(473, 'Tanhya Kippins'),
(474, 'Jack Marjanovic'),
(475, 'Bertha Leban'),
(476, 'Vale Ackhurst'),
(477, 'Raviv MacWilliam'),
(478, 'Ervin Koschek'),
(479, 'Hoebart Sawley'),
(480, 'Ashlin Stobart'),
(481, 'Dicky Brunnstein'),
(482, 'Cornelle Screwton'),
(483, 'Ebba Lundbeck'),
(484, 'Andree Mundow'),
(485, 'Bridget Reyson'),
(486, 'Franky Windless'),
(487, 'Sascha Collopy'),
(488, 'Thomasin Stapley'),
(489, 'Nedda Ismail'),
(490, 'Mariam Kondrat'),
(491, 'Shandra Tapply'),
(492, 'Fletcher Adamsson'),
(493, 'Cloris Castille'),
(494, 'Jayme Trudgeon'),
(495, 'Durward Enion'),
(496, 'Mufi Lambal'),
(497, 'Josy Crittal'),
(498, 'Jayme Alsop'),
(499, 'Trudi Girvan'),
(500, 'Bogey Calbreath'),
(501, 'Peder Thams'),
(502, 'Lydia Cross'),
(503, 'Joceline A\'field'),
(504, 'Eloisa Folbigg'),
(505, 'Elonore Stickins'),
(506, 'Egor Farlam'),
(507, 'Fayth Rentelll'),
(508, 'Joeann Horbart'),
(509, 'Ricardo Sanbrook'),
(510, 'Jennica Doreward'),
(511, 'Wenonah Petyakov'),
(512, 'Vilma Duckels'),
(513, 'Cookie Dilleway'),
(514, 'Fayth Volks'),
(515, 'Marsha Robjohns'),
(516, 'Kaja Garett'),
(517, 'Bartolemo Pittson'),
(518, 'Lissa Pridham'),
(519, 'Cordie Tasker'),
(520, 'Nanon Angelo'),
(521, 'Clerkclaude Andriveau'),
(522, 'Ogdon Beldan'),
(523, 'Debor Gilhoolie'),
(524, 'Retha Pressnell'),
(525, 'Osgood Noir'),
(526, 'Teirtza Syseland'),
(527, 'Irina Sapp'),
(528, 'Naoma Martel'),
(529, 'Ernestus Brittian'),
(530, 'Julia Rumke'),
(531, 'Jimmie McAlroy'),
(532, 'Traci Paylor'),
(533, 'Jenni Gleave'),
(534, 'Tore Epple'),
(535, 'Chloris Clampe'),
(536, 'Dell Just'),
(537, 'Lira Botte'),
(538, 'Maurise Simants'),
(539, 'Brynne Francescuccio'),
(540, 'Dmitri Ivanishev'),
(541, 'Feliza Sarch'),
(542, 'Trixy Szymaniak'),
(543, 'Ursula Glyde'),
(544, 'Celestia Vaines'),
(545, 'Ruy Phinnis'),
(546, 'Sutton Domenichini'),
(547, 'Berkly Olkowicz'),
(548, 'Lela Palffrey'),
(549, 'Nicola Craker'),
(550, 'Dunstan Glencorse'),
(551, 'Cos Ledstone'),
(552, 'Willow Nevin'),
(553, 'Rosette Boote'),
(554, 'Goldie Mazey'),
(555, 'Dougie Osbaldeston'),
(556, 'Quinn Grisenthwaite'),
(557, 'Serena Swiggs'),
(558, 'Rhonda Kneaphsey'),
(559, 'Emlen Luxford'),
(560, 'Northrop Jiracek'),
(561, 'Edmund Dare'),
(562, 'Aloise Chaddock'),
(563, 'Taylor McConnel'),
(564, 'Leroy Pirrie'),
(565, 'Rani Formie'),
(566, 'Diana Speedin'),
(567, 'Gweneth Ricker'),
(568, 'Ephraim Antonietti'),
(569, 'Harwell Mabbs'),
(570, 'Baird Reoch'),
(571, 'Demetri Skamell'),
(572, 'Briny Izzatt'),
(573, 'Torrence Yesenev'),
(574, 'Kassia Tenpenny'),
(575, 'Bran Polle'),
(576, 'Dewitt Austick'),
(577, 'Sherilyn Skynner'),
(578, 'Mellisa Sent'),
(579, 'Hally Shine'),
(580, 'Helena Searle'),
(581, 'Valdemar Worgen'),
(582, 'Carola Redington'),
(583, 'Isa Gare'),
(584, 'Clarisse Offill'),
(585, 'Ambrosi Hryniewicki'),
(586, 'Fifine Coldham'),
(587, 'Markos Schall'),
(588, 'Sollie Fawks'),
(589, 'Sauveur Minshull'),
(590, 'Tibold Codd'),
(591, 'Silvain Sammes'),
(592, 'Shandra Pendrill'),
(593, 'Wallace McArthur'),
(594, 'Toddie Cargenven'),
(595, 'Myrlene Bakes'),
(596, 'Aleta Tapley'),
(597, 'Hildy Keeltagh'),
(598, 'Porter Ranner'),
(599, 'Horatia Lorkin'),
(600, 'Cole Moorcroft');


INSERT INTO `emergencydoctor` (`MINC`, `Address`, `StaffNo`) VALUES
(1034798, '3 Grim Avenue', 32),
(1204600, '6 Duke Avenue', 89),
(1430994, '043 Stuart Park', 15),
(1469313, '14224 Hoard Plaza', 62),
(1529673, '8 Waxwing Place', 84),
(1546851, '901 John Wall Place', 80),
(2031220, '5144 Little Fleur Park', 98),
(2083022, '517 Del Sol Terrace', 16),
(2102643, '4 Loeprich Court', 22),
(2215603, '7 Dahle Alley', 33),
(2355967, '9134 Manufacturers Point', 40),
(2545246, '1174 Marcy Crossing', 73),
(2645535, '953 Weeping Birch Plaza', 63),
(2655000, '571 Becker Park', 35),
(2665260, '9 Harper Junction', 75),
(2737720, '5704 Stang Center', 61),
(2764939, '79 Norway Maple Way', 9),
(2771208, '9693 Randy Junction', 55),
(2791004, '396 Riverside Way', 77),
(2815340, '65042 Scott Drive', 53),
(2821483, '987 Mendota Junction', 76),
(2857789, '47 Carberry Hill', 27),
(2877138, '8448 Linden Park', 4),
(2913464, '1590 Warner Pass', 26),
(2937843, '9 Blackbird Plaza', 47),
(3052195, '60199 Dennis Junction', 8),
(3064961, '65840 Reinke Center', 2),
(3126249, '51755 Twin Pines Junction', 11),
(3150823, '3 Algoma Center', 72),
(3227741, '6105 Elmside Lane', 25),
(3492131, '45 Nobel Trail', 79),
(3524413, '72 Sugar Parkway', 87),
(3628139, '05 Forest Hill', 13),
(3631185, '8 Blaine Road', 42),
(3717838, '21 Kennedy Avenue', 52),
(3763973, '2326 Sycamore Drive', 85),
(4213838, '0344 Brown Junction', 60),
(4255174, '8484 Sullivan Drive', 28),
(4274106, '47 Wayridge Circle', 91),
(4282349, '54 Sachs Lane', 96),
(4361190, '2 Thompson Pass', 69),
(4366652, '61930 Service Place', 88),
(4490950, '4565 Carioca Road', 31),
(4503593, '78 Orin Hill', 82),
(4682557, '35551 Merrick Pass', 14),
(4947960, '7 Monterey Park', 20),
(5035568, '24779 Nova Pass', 54),
(5419841, '854 Bluestem Lane', 100),
(5457056, '11 Red Cloud Street', 81),
(5533573, '56 Crowley Avenue', 94),
(5900061, '8869 Sullivan Drive', 64),
(5900604, '9042 Briar Crest Court', 99),
(5951904, '3 2nd Parkway', 38),
(5993307, '463 Hoepker Avenue', 34),
(6021447, '8105 Pine View Plaza', 93),
(6160150, '58747 Merrick Road', 18),
(6192048, '6346 Banding Parkway', 36),
(6218005, '5 Dennis Lane', 24),
(6408785, '03 Texas Lane', 56),
(6543625, '1 Sycamore Drive', 5),
(6608191, '32 Hollow Ridge Alley', 95),
(6663328, '2687 Esker Hill', 44),
(6806941, '35 Mccormick Pass', 10),
(6862227, '4007 Ruskin Pass', 37),
(6923603, '061 Glacier Hill Park', 39),
(7062525, '19 Spaight Drive', 65),
(7150163, '9 Bunting Parkway', 3),
(7211724, '89 Jay Point', 51),
(7320961, '4508 Golf Course Road', 70),
(7346157, '2 Havey Crossing', 59),
(7354223, '8 Main Circle', 74),
(7558210, '44 Golf Terrace', 68),
(7574105, '7119 Marquette Center', 41),
(7629202, '932 Londonderry Park', 92),
(7842990, '733 Orin Park', 43),
(8012894, '37 Grayhawk Point', 97),
(8065878, '4851 Meadow Ridge Avenue', 30),
(8102836, '7481 South Point', 71),
(8111160, '6 Banding Court', 50),
(8300992, '611 Eagan Street', 49),
(8317623, '28576 Blaine Drive', 67),
(8346872, '7 Sunnyside Trail', 1),
(8405546, '1699 3rd Avenue', 86),
(8561625, '572 Petterle Circle', 19),
(8705408, '06 Glendale Parkway', 29),
(8724817, '3 Gale Pass', 90),
(8959138, '0132 Westport Road', 6),
(8993402, '3278 Service Trail', 45),
(9118763, '58303 Debra Terrace', 48),
(9160931, '607 Iowa Parkway', 78),
(9256361, '6621 Melby Way', 46),
(9335997, '23918 Haas Center', 17),
(9375380, '866 Florence Avenue', 66),
(9434482, '52143 Coleman Avenue', 7),
(9569765, '404 Sugar Place', 83),
(9789266, '4 Fair Oaks Way', 23),
(9792175, '4348 Pond Center', 58),
(9822227, '5210 Stang Junction', 57),
(9840445, '467 Rusk Trail', 12),
(9905266, '22 Fallview Drive', 21);



INSERT INTO `vaccinator` (`MINC`, `Address`, `StaffNum`) VALUES
(1001502, '25 Transport Alley', 271),
(1030707, '2 Lotheville Road', 319),
(1037802, '0942 Corben Street', 366),
(1119606, '35285 Ridgeview Park', 360),
(1136168, '84 Hanover Parkway', 300),
(1138497, '8502 Summerview Hill', 304),
(1216091, '76474 Sachs Park', 191),
(1250101, '10164 Pawling Pass', 249),
(1267775, '35 Towne Point', 356),
(1279781, '650 Huxley Drive', 199),
(1284896, '423 Dakota Hill', 134),
(1287400, '24615 Commercial Avenue', 160),
(1296288, '76017 Washington Plaza', 196),
(1299301, '4 Blackbird Pass', 158),
(1425482, '763 Brentwood Parkway', 143),
(1450435, '69589 American Ash Hill', 250),
(1462877, '9282 Saint Paul Junction', 362),
(1476238, '18077 Rutledge Drive', 297),
(1488334, '623 Summerview Lane', 283),
(1526814, '3673 Dottie Circle', 146),
(1562241, '10 Longview Center', 331),
(1571001, '7 Division Way', 306),
(1581687, '36 1st Trail', 159),
(1677138, '082 Banding Trail', 176),
(1735721, '19524 Lyons Point', 385),
(1791694, '2 Park Meadow Terrace', 189),
(1804391, '846 Larry Point', 262),
(1814974, '213 Redwing Street', 238),
(1842216, '65 Monterey Way', 113),
(1844525, '75044 Shasta Point', 215),
(1863190, '9858 Manley Hill', 309),
(1885082, '60984 Ryan Hill', 276),
(1902731, '8204 Eliot Place', 228),
(1902845, '776 Browning Pass', 155),
(1926121, '5251 Kings Plaza', 379),
(1944908, '3 Briar Crest Crossing', 136),
(1975296, '07206 Walton Pass', 169),
(1996561, '13417 Superior Lane', 315),
(2003456, '8905 3rd Lane', 388),
(2026899, '6 Acker Street', 245),
(2045875, '3 Johnson Terrace', 101),
(2075903, '3 Morningstar Lane', 192),
(2078662, '21 Spaight Plaza', 157),
(2079587, '72279 Hansons Court', 254),
(2167935, '3 Esch Trail', 179),
(2176019, '7 Kropf Lane', 389),
(2177224, '1334 Declaration Hill', 255),
(2212840, '2 Sachs Pass', 167),
(2270094, '46661 Sunfield Crossing', 305),
(2309123, '1820 Prairie Rose Hill', 219),
(2415456, '3674 Montana Street', 121),
(2433588, '37 Shopko Center', 332),
(2469668, '498 Granby Way', 266),
(2520950, '121 Laurel Parkway', 361),
(2592290, '86 Shasta Parkway', 236),
(2611195, '263 Dorton Alley', 208),
(2650877, '47225 Arrowood Court', 325),
(2661434, '62 Comanche Avenue', 370),
(2690893, '99619 Gina Junction', 224),
(2741974, '2261 Blue Bill Park Avenue', 314),
(2749522, '7 Park Meadow Park', 115),
(2782943, '39042 Rieder Crossing', 289),
(2839908, '6 Porter Parkway', 172),
(2853031, '052 American Ash Alley', 270),
(2873429, '245 Rigney Crossing', 358),
(2903518, '749 Old Shore Way', 193),
(2910641, '9013 East Terrace', 355),
(2937697, '190 Eastwood Place', 312),
(2969800, '56797 Main Drive', 148),
(2987541, '10844 Jenna Street', 252),
(3016218, '7 Moulton Trail', 267),
(3080636, '9 7th Circle', 239),
(3086015, '06162 Upham Road', 227),
(3104046, '19123 Mariners Cove Road', 293),
(3108738, '694 Gateway Junction', 221),
(3129888, '474 Grim Point', 395),
(3153182, '9 Glendale Center', 142),
(3154484, '08 Straubel Pass', 363),
(3193195, '24859 Westerfield Place', 390),
(3201908, '04 Di Loreto Alley', 396),
(3216861, '907 Armistice Lane', 111),
(3241603, '95 Fremont Park', 372),
(3263564, '79750 Mesta Crossing', 257),
(3287367, '17769 Beilfuss Crossing', 133),
(3317956, '9 Granby Junction', 188),
(3324427, '1270 New Castle Park', 359),
(3325676, '61 Randy Place', 291),
(3416143, '3801 Ridgeview Center', 220),
(3447298, '42 Erie Circle', 391),
(3519447, '4 Springs Way', 180),
(3538203, '26981 Buhler Plaza', 301),
(3555734, '07259 Lillian Point', 400),
(3615111, '7715 East Parkway', 187),
(3633961, '12 Utah Circle', 299),
(3666322, '8940 Tennyson Lane', 201),
(3675816, '22 Roth Pass', 321),
(3721061, '9274 Dryden Crossing', 287),
(3722330, '690 Northfield Place', 261),
(3725063, '12 Transport Pass', 310),
(3729425, '03645 Parkside Terrace', 313),
(3756355, '40 Talisman Pass', 108),
(3762164, '02127 Norway Maple Park', 337),
(3799694, '2469 Lien Alley', 377),
(3812195, '12172 Morning Circle', 384),
(3842936, '4 Mosinee Alley', 200),
(3861926, '0691 Thierer Drive', 232),
(3972385, '0 Butternut Center', 324),
(3990223, '333 Waubesa Junction', 374),
(4023648, '767 Burning Wood Terrace', 256),
(4036447, '043 International Lane', 378),
(4101647, '88053 Garrison Parkway', 284),
(4109104, '31 Columbus Circle', 393),
(4109342, '75 Almo Plaza', 130),
(4149622, '168 Grover Center', 118),
(4162507, '60607 Rieder Pass', 294),
(4194208, '81 Straubel Place', 225),
(4254176, '89 Butterfield Place', 333),
(4260196, '4 Becker Junction', 212),
(4260372, '610 Reindahl Pass', 234),
(4297857, '6 Talisman Way', 240),
(4302528, '6 Crescent Oaks Place', 141),
(4313841, '22 Northport Trail', 275),
(4349572, '647 Dottie Road', 206),
(4353935, '08416 Lakewood Gardens Avenue', 116),
(4543568, '4281 Maywood Pass', 120),
(4617270, '9521 Burrows Lane', 308),
(4628317, '55197 Amoth Lane', 168),
(4642166, '262 Birchwood Trail', 382),
(4681981, '1 Spenser Plaza', 349),
(4772612, '0 Memorial Crossing', 343),
(4773919, '3626 Sunfield Point', 336),
(4818101, '6 Daystar Point', 243),
(4850071, '71283 Bayside Park', 171),
(4922776, '337 Erie Point', 241),
(4942214, '5904 Clemons Terrace', 203),
(4970588, '8 Crest Line Alley', 154),
(4995259, '7 Schurz Pass', 298),
(5027096, '9 Waywood Place', 373),
(5032160, '5078 Spohn Junction', 279),
(5085610, '00 Bashford Center', 185),
(5094702, '2877 Sutteridge Court', 397),
(5103225, '80 Warner Avenue', 380),
(5141547, '73 Lakewood Gardens Circle', 387),
(5169025, '3042 Superior Terrace', 182),
(5169787, '331 Havey Center', 144),
(5217777, '17469 Green Ridge Point', 137),
(5284803, '01588 Scofield Hill', 117),
(5286541, '29 American Ash Plaza', 353),
(5306232, '6 Lukken Center', 162),
(5354679, '763 Havey Lane', 231),
(5356193, '1 Brentwood Plaza', 329),
(5411533, '02 Bluestem Plaza', 351),
(5415946, '32221 Moland Way', 383),
(5489550, '16 Northwestern Lane', 123),
(5509252, '0 Hudson Court', 264),
(5512042, '9282 Bartillon Court', 145),
(5523523, '05 Oxford Terrace', 165),
(5537447, '18063 Maple Crossing', 317),
(5675511, '279 Carey Junction', 174),
(5828531, '56 Prentice Place', 273),
(5835860, '37 Walton Parkway', 119),
(5852222, '3361 Acker Drive', 350),
(5867615, '90 Glacier Hill Crossing', 204),
(5890955, '39362 Lindbergh Street', 265),
(5893075, '82 Arizona Crossing', 166),
(5905655, '79762 Coolidge Drive', 183),
(5920183, '14 Towne Alley', 218),
(5931416, '639 Riverside Junction', 346),
(5958738, '9 Corscot Place', 170),
(5988268, '77578 Crest Line Place', 202),
(6072842, '4301 Burning Wood Road', 295),
(6088557, '9 Loeprich Center', 213),
(6156262, '76 Upham Place', 282),
(6159570, '29042 Duke Circle', 156),
(6202740, '72 Oakridge Crossing', 138),
(6214285, '092 Manley Street', 164),
(6230749, '35633 Cordelia Crossing', 251),
(6279763, '5235 Grasskamp Trail', 127),
(6283975, '91 Randy Pass', 348),
(6294582, '265 Cambridge Park', 330),
(6358949, '06633 Leroy Street', 163),
(6392400, '37 Garrison Road', 211),
(6412984, '0 Anzinger Center', 128),
(6425151, '9407 Ridgeway Pass', 280),
(6448341, '23 Esch Circle', 307),
(6457991, '0 Sheridan Place', 114),
(6461358, '22 Fallview Junction', 244),
(6461627, '293 Bluejay Parkway', 253),
(6492518, '28559 Truax Lane', 181),
(6494790, '22 Thackeray Way', 129),
(6526396, '23 Lunder Crossing', 375),
(6573950, '2770 Longview Point', 242),
(6707050, '08 Scofield Hill', 371),
(6714115, '4319 Sunfield Park', 292),
(6748501, '03913 Golf Way', 286),
(6762840, '716 Columbus Hill', 296),
(6773215, '671 Helena Terrace', 216),
(6778095, '5507 Jana Pass', 186),
(6789175, '6 Kings Place', 381),
(6851694, '55371 Hansons Crossing', 335),
(6925822, '40146 Starling Lane', 320),
(6937317, '850 Carioca Road', 139),
(7044822, '3777 Tomscot Alley', 386),
(7153770, '1 Hintze Lane', 106),
(7223339, '8 Continental Alley', 341),
(7299092, '89740 Banding Alley', 194),
(7364658, '93855 1st Center', 260),
(7403286, '58 Monument Lane', 347),
(7424732, '53 Farmco Crossing', 233),
(7435103, '970 Shasta Lane', 152),
(7449545, '62627 4th Trail', 290),
(7488897, '84 Petterle Court', 161),
(7518233, '6 Eggendart Court', 140),
(7540372, '9312 Division Place', 214),
(7542965, '69 Pepper Wood Center', 326),
(7554784, '55 Coolidge Junction', 302),
(7556843, '2142 Huxley Circle', 354),
(7613937, '97 Aberg Avenue', 345),
(7616904, '71 Brown Junction', 357),
(7686467, '8467 Melrose Plaza', 197),
(7729195, '44558 Springview Court', 110),
(7729679, '8259 Alpine Avenue', 150),
(7749351, '00340 North Crossing', 269),
(7778796, '3 Kingsford Place', 368),
(7801114, '914 Delladonna Way', 274),
(7850515, '08 Sherman Terrace', 342),
(7876522, '72 Elgar Road', 205),
(7935384, '435 Bluejay Circle', 104),
(7940409, '48 Dwight Crossing', 132),
(8027923, '370 Hauk Junction', 303),
(8049916, '13494 Mcguire Trail', 322),
(8104945, '8 Miller Pass', 263),
(8144544, '57946 Kingsford Place', 103),
(8159175, '8704 Dunning Parkway', 124),
(8161057, '92 North Drive', 318),
(8253281, '3765 Homewood Court', 153),
(8266811, '493 Fordem Crossing', 207),
(8294791, '49206 Michigan Hill', 126),
(8348128, '01099 Dryden Terrace', 328),
(8350324, '5065 Kropf Hill', 235),
(8372707, '37002 Becker Lane', 210),
(8413755, '84 Jenifer Avenue', 112),
(8426377, '1 Crescent Oaks Parkway', 311),
(8426798, '35 Cascade Court', 259),
(8476809, '192 Hoard Way', 398),
(8530614, '7724 Union Avenue', 226),
(8555564, '46852 Bunker Hill Parkway', 223),
(8598637, '40417 Grayhawk Circle', 369),
(8650539, '52909 Comanche Drive', 247),
(8711930, '37 Fairview Junction', 258),
(8755472, '227 Jackson Terrace', 392),
(8759921, '653 Cody Street', 340),
(8766738, '695 Dorton Court', 184),
(8779105, '523 Derek Parkway', 107),
(8795409, '09 Sauthoff Court', 151),
(8808980, '5513 Northfield Park', 222),
(8831490, '6 Charing Cross Street', 109),
(8931092, '2692 Northport Trail', 198),
(8936971, '9633 Debs Avenue', 277),
(9056966, '71 Sunnyside Street', 399),
(9091898, '957 Pond Terrace', 367),
(9094225, '8 Cottonwood Circle', 394),
(9116104, '152 Sycamore Terrace', 209),
(9155029, '74 Vera Center', 135),
(9156147, '2 7th Circle', 131),
(9165488, '9153 Knutson Alley', 122),
(9170504, '72135 Lake View Circle', 230),
(9195859, '38336 Spenser Crossing', 364),
(9218202, '79909 Sycamore Trail', 173),
(9246742, '7 Maryland Terrace', 334),
(9292515, '1429 Leroy Center', 190),
(9298944, '39319 Fuller Junction', 125),
(9327583, '4972 Sachs Plaza', 344),
(9361436, '530 Grover Hill', 339),
(9363435, '1659 Morningstar Pass', 175),
(9407402, '27 Barby Place', 376),
(9448570, '4055 Lakewood Gardens Center', 352),
(9465170, '41702 Southridge Pass', 149),
(9467307, '2 Fieldstone Way', 177),
(9501584, '0978 Independence Park', 178),
(9537432, '3205 Northview Terrace', 195),
(9548163, '544 Monica Parkway', 316),
(9558627, '98027 Maple Circle', 229),
(9572845, '16 Arapahoe Alley', 285),
(9575940, '481 Dottie Avenue', 338),
(9627489, '161 Butternut Center', 281),
(9684931, '558 Gateway Trail', 105),
(9686213, '7684 Porter Pass', 365),
(9694400, '69 Autumn Leaf Place', 288),
(9712022, '88 Grayhawk Trail', 278),
(9744415, '306 Katie Street', 268),
(9760318, '11241 Glendale Alley', 323),
(9807289, '559 Magdeline Street', 102),
(9816142, '24 Spohn Court', 237),
(9837846, '14 Tomscot Way', 248),
(9852938, '826 Dayton Trail', 327),
(9882866, '6 Main Place', 246),
(9888391, '8717 Lukken Circle', 217),
(9966972, '34 Eastwood Road', 147),
(9972724, '4177 Swallow Trail', 272);


INSERT INTO `volunteer` (`VolunteerID`, `Address`, `Role`, `Staff_No`) VALUES
(10314, '693 Miller Circle', 'General', 465),
(11008, '795 Northport Circle', 'Station Helper', 517),
(11712, '62729 Sycamore Junction', 'Reception Helper', 501),
(12173, '986 Darwin Drive', 'General', 539),
(12278, '03 Ludington Parkway', 'Reception Helper', 467),
(12989, '0162 Randy Point', 'People Guidance', 461),
(13273, '9800 Thompson Road', 'People Guidance', 589),
(13573, '2005 Waxwing Point', 'General', 405),
(13813, '6542 Burrows Center', 'Station Helper', 444),
(14872, '70130 Cottonwood Street', 'People Guidance', 577),
(14938, '39664 Ryan Street', 'General', 408),
(14981, '89117 Sunbrook Trail', 'General', 598),
(15624, '672 4th Road', 'General', 562),
(15781, '5 Sycamore Plaza', 'General', 549),
(16070, '4 Huxley Junction', 'Station Helper', 573),
(16225, '41411 Milwaukee Trail', 'Station Helper', 445),
(17334, '3 Vahlen Hill', 'Reception Helper', 428),
(17987, '5 High Crossing Center', 'Station Helper', 455),
(18382, '08 Oxford Pass', 'People Guidance', 504),
(19045, '978 Marquette Crossing', 'People Guidance', 477),
(19195, '75 Oak Center', 'Reception Helper', 494),
(19518, '4344 Di Loreto Pass', 'People Guidance', 569),
(19645, '25 Dawn Parkway', 'Station Helper', 416),
(19753, '999 Pleasure Hill', 'People Guidance', 556),
(19918, '0197 Sundown Plaza', 'General', 468),
(20464, '1 Novick Road', 'People Guidance', 488),
(21831, '9200 Crest Line Junction', 'Reception Helper', 449),
(21970, '2 Ridgeway Terrace', 'Station Helper', 473),
(22425, '94012 Warbler Point', 'General', 542),
(22592, '19574 La Follette Drive', 'General', 497),
(22703, '23 Weeping Birch Pass', 'Reception Helper', 508),
(23437, '612 Village Road', 'People Guidance', 458),
(23768, '07 Vermont Park', 'People Guidance', 484),
(24122, '6539 Maple Alley', 'Station Helper', 503),
(24609, '72908 Fordem Center', 'General', 518),
(24809, '02 Porter Way', 'General', 563),
(26191, '13046 Oneill Circle', 'Station Helper', 521),
(26217, '89 Eastwood Avenue', 'Reception Helper', 534),
(26801, '66 Autumn Leaf Circle', 'Reception Helper', 525),
(27067, '057 Leroy Center', 'Reception Helper', 548),
(27366, '0593 Pennsylvania Trail', 'Reception Helper', 506),
(27629, '788 Scott Hill', 'Reception Helper', 485),
(28487, '86897 Garrison Junction', 'Reception Helper', 424),
(28492, '5475 Grim Center', 'People Guidance', 565),
(28645, '546 Center Parkway', 'People Guidance', 592),
(32245, '3765 American Ash Court', 'General', 409),
(32332, '84 Lotheville Alley', 'Station Helper', 410),
(33075, '3 Oak Center', 'General', 570),
(34491, '3 Little Fleur Way', 'People Guidance', 553),
(34819, '2363 Sutteridge Point', 'General', 536),
(35738, '73984 Ludington Terrace', 'Reception Helper', 406),
(35819, '7 Holy Cross Crossing', 'Station Helper', 597),
(35933, '7517 Dawn Lane', 'Reception Helper', 434),
(36830, '85 Vermont Place', 'General', 532),
(38235, '7230 Marquette Alley', 'General', 510),
(38544, '71868 Kedzie Street', 'Station Helper', 547),
(38779, '2 Thierer Trail', 'Reception Helper', 593),
(38931, '192 Oriole Alley', 'People Guidance', 421),
(39993, '6421 Vahlen Street', 'People Guidance', 576),
(40085, '56 Morningstar Street', 'Reception Helper', 462),
(40238, '32202 Bultman Pass', 'Reception Helper', 433),
(40918, '975 Sugar Crossing', 'People Guidance', 599),
(41515, '752 Morningstar Place', 'People Guidance', 423),
(41656, '19 Artisan Street', 'People Guidance', 509),
(41715, '2409 Ridgeway Point', 'Station Helper', 453),
(42510, '045 Nancy Center', 'Station Helper', 402),
(43031, '381 Arapahoe Hill', 'General', 558),
(43511, '84123 Comanche Terrace', 'Station Helper', 586),
(44079, '7 Westport Circle', 'People Guidance', 585),
(44239, '8437 Quincy Drive', 'Station Helper', 478),
(44335, '8285 Forest Lane', 'Station Helper', 431),
(44555, '6244 Orin Court', 'Station Helper', 400),
(45058, '8 Mayer Road', 'Reception Helper', 538),
(45876, '51585 Dahle Circle', 'Reception Helper', 457),
(46654, '69123 New Castle Park', 'General', 544),
(47220, '57 Ridgeway Hill', 'General', 584),
(47609, '1 Waxwing Pass', 'People Guidance', 459),
(48653, '9 Merchant Circle', 'Reception Helper', 452),
(50314, '5688 Little Fleur Court', 'Reception Helper', 451),
(50867, '729 Thackeray Street', 'Station Helper', 533),
(50927, '244 Quincy Crossing', 'Reception Helper', 511),
(51027, '64521 Valley Edge Park', 'Station Helper', 583),
(51253, '7 Harbort Circle', 'Station Helper', 415),
(53226, '7292 Sachs Pass', 'People Guidance', 520),
(53399, '4462 Forest Run Center', 'People Guidance', 430),
(53741, '8 Dunning Center', 'People Guidance', 540),
(54222, '371 Carberry Parkway', 'People Guidance', 588),
(54275, '6 Summit Center', 'Reception Helper', 535),
(54283, '838 Carey Court', 'People Guidance', 574),
(54337, '46 Rigney Alley', 'Station Helper', 595),
(54483, '02 Fremont Street', 'General', 491),
(55328, '15213 Cascade Circle', 'Reception Helper', 463),
(55431, '370 La Follette Avenue', 'General', 426),
(55442, '5958 Lighthouse Bay Way', 'Station Helper', 594),
(55539, '82 Washington Circle', 'People Guidance', 486),
(55911, '0 Heath Street', 'People Guidance', 471),
(56862, '3 Westridge Avenue', 'People Guidance', 419),
(57310, '094 Moose Road', 'General', 436),
(57333, '817 Roth Circle', 'Reception Helper', 481),
(57352, '54883 Cardinal Place', 'Station Helper', 460),
(57844, '0 Clarendon Alley', 'Station Helper', 551),
(59854, '219 Kensington Plaza', 'Reception Helper', 567),
(60174, '420 Toban Avenue', 'Reception Helper', 472),
(60376, '5 Springview Pass', 'General', 564),
(61420, '8 Buena Vista Crossing', 'Reception Helper', 469),
(61527, '6006 Birchwood Avenue', 'General', 526),
(61819, '97151 Brickson Park Point', 'General', 475),
(61991, '4 Randy Junction', 'Reception Helper', 530),
(63203, '452 Dayton Trail', 'Reception Helper', 572),
(63374, '8 Westridge Pass', 'Station Helper', 500),
(63637, '36993 Lakewood Gardens Street', 'Reception Helper', 505),
(63750, '15 Bashford Place', 'People Guidance', 582),
(63780, '24009 Myrtle Junction', 'People Guidance', 496),
(63841, '150 Pleasure Lane', 'Station Helper', 437),
(64167, '572 Victoria Circle', 'Station Helper', 560),
(64399, '9 Stoughton Center', 'Reception Helper', 522),
(64918, '77970 Summerview Terrace', 'General', 495),
(65794, '608 Colorado Plaza', 'Station Helper', 514),
(65843, '4 Northwestern Junction', 'People Guidance', 561),
(67360, '98717 Walton Alley', 'People Guidance', 414),
(69317, '6 Springs Trail', 'Station Helper', 578),
(69392, '36390 Buhler Street', 'Reception Helper', 531),
(69995, '070 Heffernan Plaza', 'People Guidance', 559),
(70083, '119 Katie Center', 'People Guidance', 543),
(70637, '697 Maryland Trail', 'Station Helper', 446),
(70753, '409 Sunfield Court', 'General', 489),
(71634, '039 Drewry Street', 'People Guidance', 482),
(72303, '93982 Old Shore Parkway', 'General', 432),
(72568, '16910 East Parkway', 'General', 545),
(72921, '51267 Eagle Crest Trail', 'Station Helper', 493),
(73358, '18005 Twin Pines Plaza', 'General', 411),
(73950, '3 Graceland Trail', 'General', 537),
(74135, '1 Dahle Crossing', 'People Guidance', 581),
(74392, '5348 Stephen Parkway', 'General', 425),
(74782, '81188 Fairview Trail', 'Reception Helper', 571),
(74901, '66514 Briar Crest Court', 'Reception Helper', 464),
(74980, '34 Pleasure Way', 'People Guidance', 579),
(75164, '75216 Messerschmidt Hill', 'Station Helper', 466),
(75752, '2 Atwood Pass', 'Reception Helper', 568),
(75981, '3639 Jackson Pass', 'People Guidance', 422),
(76281, '9 Texas Alley', 'People Guidance', 498),
(76642, '11178 Elka Crossing', 'Reception Helper', 483),
(76792, '65 Marcy Alley', 'Station Helper', 591),
(77335, '70 Summer Ridge Circle', 'People Guidance', 412),
(77350, '7670 Dovetail Plaza', 'People Guidance', 529),
(77353, '8074 Ryan Crossing', 'General', 442),
(77997, '53 Nancy Court', 'People Guidance', 443),
(78876, '3053 Warrior Trail', 'Reception Helper', 512),
(79389, '6678 Kenwood Plaza', 'General', 492),
(79566, '816 Goodland Plaza', 'General', 403),
(79763, '0394 Cordelia Alley', 'People Guidance', 429),
(80194, '51 Grim Road', 'People Guidance', 479),
(80596, '720 Hauk Lane', 'People Guidance', 413),
(80690, '387 Spohn Way', 'Reception Helper', 575),
(81435, '6688 Killdeer Terrace', 'General', 438),
(81626, '63 Buhler Hill', 'Reception Helper', 448),
(82013, '31 Melrose Circle', 'People Guidance', 566),
(82276, '3167 Lighthouse Bay Point', 'General', 527),
(83712, '058 Scoville Pass', 'General', 502),
(84342, '6642 School Court', 'General', 454),
(84976, '58742 Warbler Terrace', 'Reception Helper', 474),
(85035, '16 Armistice Alley', 'People Guidance', 427),
(85430, '73 Commercial Plaza', 'People Guidance', 401),
(85630, '4372 Steensland Plaza', 'Station Helper', 450),
(86053, '887 Dottie Point', 'General', 524),
(86906, '6 Almo Crossing', 'People Guidance', 552),
(87521, '9273 Laurel Pass', 'Reception Helper', 435),
(87845, '02 Doe Crossing Parkway', 'Reception Helper', 557),
(88173, '572 Fordem Park', 'Reception Helper', 440),
(88217, '07 Corben Junction', 'Reception Helper', 515),
(88877, '861 Vidon Court', 'General', 596),
(89534, '13 Esker Terrace', 'Station Helper', 555),
(89537, '405 Schlimgen Junction', 'Reception Helper', 546),
(90141, '9586 Hooker Court', 'People Guidance', 580),
(90404, '75 Twin Pines Parkway', 'General', 499),
(91456, '9 Weeping Birch Hill', 'People Guidance', 541),
(92234, '4786 Lillian Lane', 'General', 447),
(92253, '879 Florence Trail', 'Reception Helper', 528),
(92444, '41977 Dovetail Center', 'People Guidance', 523),
(92792, '5954 Lerdahl Lane', 'General', 516),
(93523, '782 Arizona Trail', 'People Guidance', 407),
(93524, '8303 Union Parkway', 'Station Helper', 507),
(94262, '4 Londonderry Street', 'People Guidance', 590),
(95136, '266 Spohn Trail', 'Station Helper', 439),
(95339, '214 Daystar Way', 'People Guidance', 513),
(95549, '71778 Bowman Place', 'General', 456),
(95628, '92 Katie Place', 'General', 519),
(95710, '27346 Westport Plaza', 'People Guidance', 441),
(95754, '4 Magdeline Center', 'People Guidance', 420),
(95818, '2719 Farragut Court', 'Reception Helper', 587),
(95858, '8768 Hoffman Street', 'Reception Helper', 490),
(96566, '6153 Vidon Alley', 'Reception Helper', 554),
(97332, '73 Portage Circle', 'Station Helper', 417),
(98103, '50 Monterey Drive', 'Reception Helper', 418),
(98132, '25 Fairfield Hill', 'Station Helper', 487),
(98266, '25069 Talisman Center', 'People Guidance', 550),
(98751, '769 Merry Street', 'General', 476),
(98862, '30 Esch Pass', 'Reception Helper', 404),
(99120, '972 Tennyson Place', 'Station Helper', 480),
(99576, '1 Nobel Trail', 'People Guidance', 470);



INSERT INTO `injection` (`InjectionId`, `HealthCardNo`, `Station_ID`, `Staff_Number`, `Order_ID`) VALUES
(1, 37453438, 4, 263, 2),
(2, 96661862, 4, 388, 3),
(3, 66437976, 1, 144, 5),
(4, 42063236, 5, 400, 6),
(5, 96802161, 3, 381, 7),
(6, 92514631, 5, 329, 8),
(7, 23191762, 3, 145, 11),
(8, 12270107, 4, 325, 12),
(9, 21166963, 2, 348, 14),
(10, 23170315, 1, 332, 17),
(11, 23572083, 4, 380, 19),
(12, 21006226, 5, 272, 22),
(13, 26555369, 3, 291, 23),
(14, 87388523, 4, 134, 25),
(15, 36275766, 3, 372, 26),
(16, 43372770, 4, 239, 27),
(17, 43449042, 1, 127, 28),
(18, 79602912, 3, 142, 29),
(19, 91394450, 1, 292, 31),
(20, 94952255, 2, 319, 35),
(21, 21968061, 5, 271, 38),
(22, 94173902, 1, 207, 1),
(23, 25345062, 5, 194, 4),
(24, 35618697, 2, 359, 9),
(25, 23530777, 1, 354, 10),
(26, 13689300, 2, 257, 13),
(27, 23193157, 2, 214, 15),
(28, 55706773, 4, 208, 16),
(29, 49923901, 4, 158, 18),
(30, 29486272, 2, 167, 20),
(31, 54623341, 2, 331, 21),
(32, 54839051, 3, 399, 24),
(33, 87503699, 4, 108, 30),
(34, 3696862, 5, 360, 32),
(35, 14999290, 4, 133, 33),
(36, 76496414, 1, 107, 34),
(37, 39382306, 2, 368, 36),
(38, 75982516, 3, 171, 37),
(39, 80146204, 1, 237, 39),
(40, 80181152, 2, 217, 40),
(41, 86470635, 4, 326, 1),
(42, 2511777, 4, 376, 4),
(43, 24393591, 4, 323, 9),
(44, 88963278, 2, 247, 10),
(45, 29542557, 1, 391, 13),
(46, 46001773, 4, 275, 15),
(47, 1455104, 5, 151, 16),
(48, 57529969, 5, 122, 18),
(49, 11966365, 5, 177, 20),
(50, 71430020, 5, 200, 21),
(51, 77487795, 3, 336, 24),
(52, 49680957, 1, 178, 30),
(53, 20410707, 4, 137, 32),
(54, 6230705, 3, 242, 33),
(55, 16791557, 5, 159, 34),
(56, 90380699, 5, 356, 36),
(57, 49912668, 1, 206, 37),
(58, 28219145, 3, 139, 39),
(59, 16014591, 2, 294, 40),
(60, 30444744, 5, 394, 1),
(61, 99564119, 5, 147, 4),
(62, 67602858, 3, 375, 9),
(63, 65064613, 1, 297, 10),
(64, 88032731, 4, 349, 13),
(65, 99851190, 1, 145, 15),
(66, 34858691, 2, 226, 16),
(67, 41670865, 3, 231, 18),
(68, 12167609, 1, 379, 20),
(69, 22415477, 4, 310, 21),
(70, 9545391, 5, 317, 24),
(71, 83720901, 5, 350, 30),
(72, 11019219, 4, 341, 32),
(73, 54828163, 1, 353, 33),
(74, 1928761, 4, 364, 34),
(75, 54338311, 5, 257, 36),
(76, 73593521, 1, 317, 37),
(77, 68587241, 1, 132, 39),
(78, 62673613, 3, 232, 40),
(79, 79609507, 3, 239, 1),
(80, 1662631, 1, 179, 4),
(81, 62835201, 5, 317, 9),
(82, 43031605, 5, 133, 10),
(83, 72609565, 3, 294, 13),
(84, 78502502, 1, 249, 15),
(85, 10350946, 1, 388, 16),
(86, 15832796, 1, 179, 18),
(87, 5349742, 4, 127, 20),
(88, 53276426, 5, 108, 21),
(89, 1665949, 3, 148, 24),
(90, 42711516, 1, 317, 30),
(91, 36722091, 4, 164, 32),
(92, 83438504, 3, 168, 33),
(93, 77379478, 3, 267, 34),
(94, 99733911, 5, 276, 36),
(95, 34764083, 5, 244, 37),
(96, 85198889, 4, 203, 39),
(97, 95464380, 5, 176, 40),
(98, 38284586, 5, 130, 15),
(99, 81296209, 4, 191, 16),
(100, 73062480, 1, 235, 18),
(101, 82269758, 3, 299, 20),
(102, 83856286, 5, 261, 21),
(103, 17263837, 2, 184, 24),
(104, 5106899, 4, 283, 30),
(105, 51033652, 5, 209, 33),
(106, 89976843, 5, 307, 37),
(107, 51594379, 5, 158, 40),
(108, 99727723, 4, 326, 15),
(109, 35205103, 2, 271, 16),
(110, 8291361, 1, 174, 18),
(111, 38453799, 1, 324, 20),
(112, 15758779, 4, 314, 21),
(113, 74630766, 2, 258, 24),
(114, 38769019, 3, 281, 30),
(115, 43913311, 4, 189, 33),
(116, 13212172, 1, 397, 37),
(117, 92595710, 2, 223, 40),
(118, 3642555, 1, 155, 15),
(119, 9577867, 5, 282, 16),
(120, 62278284, 5, 109, 18),
(121, 77367447, 2, 227, 20),
(122, 26699651, 4, 374, 21),
(123, 86437836, 4, 271, 24),
(124, 13927222, 1, 324, 30),
(125, 27644511, 5, 285, 33),
(126, 32861022, 4, 166, 37),
(127, 3507621, 5, 219, 40),
(128, 9432351, 2, 319, 15),
(129, 77791875, 4, 345, 16),
(130, 28898834, 4, 299, 18),
(131, 42033516, 2, 306, 20),
(132, 71314366, 3, 172, 21),
(133, 39000826, 2, 290, 24),
(134, 22391994, 5, 212, 30),
(135, 59321373, 3, 207, 33),
(136, 29328911, 5, 233, 37),
(137, 36942942, 4, 350, 40),
(138, 55938704, 4, 295, 15),
(139, 13535940, 1, 253, 16),
(140, 63236368, 5, 312, 18),
(141, 89952603, 1, 116, 20),
(142, 37103435, 5, 136, 21),
(143, 85385789, 1, 279, 24),
(144, 18165590, 2, 236, 30),
(145, 66750263, 5, 182, 33),
(146, 37264776, 1, 376, 37),
(147, 46181355, 2, 232, 40),
(148, 16532715, 3, 138, 15),
(149, 6330320, 4, 273, 16),
(150, 69638176, 1, 357, 18),
(151, 3429927, 4, 318, 20),
(152, 36996207, 2, 261, 21),
(153, 20659750, 1, 360, 24),
(154, 80744949, 1, 138, 30),
(155, 2939902, 3, 188, 33),
(156, 67835760, 2, 121, 37),
(157, 93624621, 3, 271, 40),
(158, 67797575, 1, 350, 15),
(159, 95776652, 3, 343, 16),
(160, 3263913, 3, 224, 18),
(161, 37020226, 5, 295, 20),
(162, 23170129, 1, 144, 21),
(163, 11066113, 5, 104, 24),
(164, 17920157, 2, 214, 30),
(165, 14231437, 3, 233, 33),
(166, 27154827, 2, 362, 37),
(167, 9262990, 2, 353, 40),
(168, 94294985, 2, 304, 15),
(169, 46187918, 4, 135, 16),
(170, 44753343, 1, 192, 18),
(171, 10405732, 3, 149, 20),
(172, 61387795, 5, 129, 21),
(173, 5781925, 2, 272, 24),
(174, 25786916, 1, 281, 30),
(175, 54531645, 2, 210, 33),
(176, 64309182, 2, 197, 37),
(177, 78250590, 5, 388, 40),
(178, 86369754, 1, 254, 15),
(179, 11975828, 3, 368, 16),
(180, 82988806, 3, 282, 18),
(181, 97969447, 4, 336, 20),
(182, 17199826, 2, 190, 21),
(183, 19974407, 3, 335, 24),
(184, 59200820, 1, 397, 30),
(185, 48507348, 2, 209, 33),
(186, 90048140, 2, 142, 37),
(187, 59787667, 2, 202, 40),
(188, 4939447, 5, 207, 15),
(189, 57379923, 4, 323, 16),
(190, 3056076, 2, 190, 18),
(191, 82319173, 2, 248, 20),
(192, 85190332, 3, 181, 21),
(193, 72685222, 4, 203, 24),
(194, 92234083, 3, 157, 30),
(195, 70582032, 1, 268, 33),
(196, 79547771, 3, 191, 37),
(197, 63349135, 2, 279, 40),
(198, 60640841, 5, 370, 15),
(199, 59520093, 5, 202, 16),
(200, 20200023, 1, 272, 18),
(201, 12362105, 5, 391, 20),
(202, 20497905, 1, 246, 21),
(203, 5277894, 4, 285, 24),
(204, 59115413, 3, 334, 30),
(205, 78465718, 4, 307, 33),
(206, 65284278, 5, 202, 37),
(207, 93401533, 1, 142, 40),
(208, 50891682, 2, 190, 15),
(209, 20449585, 1, 151, 16),
(210, 1338752, 1, 226, 18),
(211, 9327190, 3, 232, 20),
(212, 77468270, 1, 139, 21),
(213, 83301416, 3, 303, 24),
(214, 78667604, 4, 276, 30),
(215, 49287176, 3, 284, 33),
(216, 34037079, 5, 311, 37),
(217, 57128274, 3, 338, 40),
(218, 48036746, 1, 139, 15),
(219, 22431842, 1, 220, 16),
(220, 77526182, 1, 168, 18),
(221, 85107662, 4, 279, 20),
(222, 99175327, 4, 179, 21),
(223, 8956768, 1, 397, 24),
(224, 72067978, 1, 200, 30),
(225, 93547020, 2, 211, 33),
(226, 45530894, 5, 317, 37),
(227, 47044704, 4, 275, 40),
(228, 70776788, 3, 186, 15),
(229, 97297864, 4, 299, 16),
(230, 7537671, 5, 235, 18),
(231, 53983753, 4, 152, 20),
(232, 1824776, 2, 190, 21),
(233, 35660187, 5, 399, 24),
(234, 23730503, 2, 164, 30),
(235, 49832140, 5, 225, 33),
(236, 95139072, 5, 170, 37),
(237, 92122763, 2, 339, 40),
(238, 58766506, 5, 226, 15),
(239, 86786710, 5, 159, 16),
(240, 20030821, 4, 223, 18),
(241, 88656297, 5, 276, 20),
(242, 55528199, 5, 106, 21),
(243, 59372456, 1, 395, 24),
(244, 96597132, 3, 127, 30),
(245, 85338679, 1, 150, 33),
(246, 62865300, 5, 154, 37),
(247, 78998138, 2, 124, 40),
(248, 52138087, 5, 268, 15),
(249, 10405903, 4, 237, 16),
(250, 79526465, 2, 256, 18),
(251, 14403589, 3, 170, 20),
(252, 73903668, 2, 285, 21),
(253, 80588549, 4, 265, 24),
(254, 12379420, 1, 110, 30),
(255, 90201582, 1, 323, 33),
(256, 18391228, 1, 158, 37),
(257, 6538277, 3, 322, 40),
(258, 82488751, 1, 306, 15),
(259, 84933662, 2, 242, 16),
(260, 62918812, 3, 160, 18),
(261, 31652046, 1, 282, 20),
(262, 82358819, 2, 234, 21),
(263, 45495205, 4, 166, 24),
(264, 95053467, 1, 370, 30),
(265, 54005731, 4, 195, 33),
(266, 4429147, 5, 262, 37),
(267, 70383105, 2, 102, 40),
(268, 21728134, 4, 146, 15),
(269, 12614311, 4, 235, 16),
(270, 82666164, 2, 252, 18),
(271, 21974535, 2, 142, 20),
(272, 18313164, 4, 335, 21),
(273, 64549578, 2, 359, 24),
(274, 48828299, 1, 116, 30),
(275, 11873888, 1, 216, 33),
(276, 5592055, 5, 261, 37),
(277, 75672560, 2, 227, 40),
(278, 51234366, 1, 377, 15),
(279, 30246381, 1, 393, 16),
(280, 71733297, 3, 334, 18),
(281, 99869569, 5, 202, 20),
(282, 8992543, 3, 146, 21),
(283, 82750785, 4, 257, 24),
(284, 67208846, 3, 370, 30),
(285, 33456426, 4, 229, 33),
(286, 98950664, 3, 275, 37),
(287, 19234407, 2, 187, 40),
(288, 8274382, 4, 221, 15),
(289, 43105279, 2, 254, 16),
(290, 17117221, 5, 360, 18),
(291, 64354556, 2, 357, 20),
(292, 19848857, 4, 253, 21),
(293, 82131075, 3, 192, 24),
(294, 83600159, 5, 397, 30),
(295, 68511156, 5, 150, 33),
(296, 1802531, 2, 250, 37),
(297, 96749071, 4, 201, 40),
(298, 82580654, 1, 198, 15),
(299, 94625567, 4, 186, 16),
(300, 22249639, 3, 156, 18),
(301, 62323108, 3, 313, 20),
(302, 1778257, 5, 346, 21),
(303, 58602981, 5, 225, 24),
(304, 38229818, 2, 361, 30),
(305, 23770124, 4, 346, 33),
(306, 11554380, 4, 317, 37),
(307, 50602088, 5, 362, 40),
(308, 39600078, 5, 265, 15),
(309, 5321002, 4, 320, 16),
(310, 14322155, 4, 346, 18),
(311, 60535000, 5, 205, 20),
(312, 44382667, 5, 394, 21),
(313, 42271665, 4, 291, 24),
(314, 30381375, 2, 390, 30),
(315, 2406602, 3, 392, 33),
(316, 59798880, 4, 107, 37),
(317, 21799413, 1, 249, 40),
(318, 20422780, 4, 142, 15),
(319, 82144847, 2, 206, 16),
(320, 10382424, 5, 344, 18),
(321, 5343699, 2, 362, 20),
(322, 66354678, 4, 319, 21),
(323, 21756845, 1, 140, 24),
(324, 24002060, 5, 127, 30),
(325, 46370235, 4, 165, 33),
(326, 34733339, 5, 320, 37),
(327, 84914339, 4, 172, 40),
(328, 40263754, 1, 272, 15),
(329, 4306514, 5, 221, 16),
(330, 12086045, 4, 318, 18),
(331, 8825600, 4, 168, 20),
(332, 91266955, 3, 184, 21),
(333, 81561392, 4, 350, 24),
(334, 71767248, 1, 331, 30),
(335, 13348615, 1, 169, 33),
(336, 68017045, 3, 237, 37),
(337, 77079549, 4, 136, 40),
(338, 97904189, 3, 294, 15),
(339, 65966391, 3, 133, 16),
(340, 13855988, 4, 373, 18),
(341, 60856708, 4, 148, 20),
(342, 91129605, 4, 302, 21),
(343, 1875015, 5, 184, 24),
(344, 28438127, 1, 278, 30),
(345, 43474326, 5, 303, 33),
(346, 60521899, 2, 313, 37),
(347, 55641702, 3, 217, 40),
(348, 72919227, 3, 121, 15),
(349, 30902857, 3, 249, 16),
(350, 60170364, 1, 253, 18),
(351, 66797395, 4, 156, 20),
(352, 37179861, 2, 368, 21),
(353, 28959370, 1, 355, 24),
(354, 60375249, 5, 301, 30),
(355, 22249384, 4, 232, 33),
(356, 76948054, 1, 394, 37),
(357, 36394996, 3, 322, 40),
(358, 15277722, 1, 203, 15),
(359, 90290098, 5, 225, 16),
(360, 60259609, 3, 308, 18),
(361, 70281366, 5, 276, 20),
(362, 33222127, 1, 260, 21),
(363, 88781817, 5, 231, 24),
(364, 41687850, 5, 274, 30),
(365, 34732771, 3, 184, 33),
(366, 42706153, 1, 360, 37),
(367, 16997656, 3, 348, 40),
(368, 79285482, 2, 251, 15),
(369, 39396926, 4, 373, 16),
(370, 86767283, 1, 200, 18),
(371, 57027678, 1, 248, 20),
(372, 43402486, 4, 365, 21),
(373, 74715189, 1, 367, 24),
(374, 59255564, 2, 289, 30),
(375, 51132689, 3, 186, 33),
(376, 37765188, 1, 216, 37),
(377, 91597608, 4, 128, 40),
(378, 52464522, 2, 375, 15),
(379, 34283640, 4, 141, 16),
(380, 91803535, 5, 203, 18),
(381, 14683730, 4, 146, 20),
(382, 84680060, 2, 235, 21),
(383, 16459844, 3, 331, 24),
(384, 40441321, 2, 189, 30),
(385, 81631174, 4, 203, 33),
(386, 1407555, 5, 342, 37),
(387, 87937836, 4, 260, 40),
(388, 51752914, 1, 222, 1),
(389, 96082112, 2, 115, 4),
(390, 85077435, 3, 269, 9),
(391, 46438703, 5, 183, 10),
(392, 35946804, 4, 120, 13),
(393, 13461256, 5, 120, 32),
(394, 51301003, 1, 317, 34),
(395, 58541672, 5, 392, 36),
(396, 6092911, 1, 346, 39),
(397, 32874167, 2, 102, 1),
(398, 61263721, 1, 350, 4),
(399, 90402723, 4, 311, 9),
(400, 46020106, 1, 232, 10),
(401, 11360301, 3, 277, 13),
(402, 60164680, 4, 125, 32),
(403, 64396777, 3, 204, 34),
(404, 55732704, 3, 173, 36),
(405, 19612223, 2, 226, 39),
(406, 78215995, 5, 331, 1),
(407, 19894933, 4, 393, 4),
(408, 62412504, 5, 298, 9),
(409, 3357499, 3, 230, 10),
(410, 91751409, 5, 326, 13),
(411, 28980362, 5, 152, 32),
(412, 1540607, 5, 291, 34),
(413, 99849833, 4, 249, 36),
(414, 31721322, 1, 358, 39),
(415, 49463820, 5, 232, 1),
(416, 36886444, 1, 185, 4),
(417, 5758908, 2, 206, 9),
(418, 87563240, 3, 244, 10),
(419, 15121689, 5, 349, 13),
(420, 44058684, 2, 137, 32),
(421, 15299148, 3, 291, 34),
(422, 30011147, 4, 145, 36),
(423, 45691208, 4, 197, 39),
(424, 41292977, 5, 359, 1),
(425, 87972843, 2, 278, 4),
(426, 53661144, 3, 210, 9),
(427, 57358628, 4, 386, 10),
(428, 38926596, 5, 128, 13),
(429, 9447673, 1, 263, 32),
(430, 21931704, 1, 381, 34),
(431, 2105484, 3, 263, 36),
(432, 24196630, 5, 209, 39),
(433, 6775420, 1, 344, 1),
(434, 98605570, 4, 372, 4),
(435, 50660563, 5, 133, 9),
(436, 71122696, 4, 171, 10),
(437, 31280798, 2, 217, 13),
(438, 34997810, 1, 339, 32),
(439, 96570122, 4, 102, 34),
(440, 30430341, 3, 334, 36),
(441, 27074668, 4, 364, 39),
(442, 17106385, 3, 286, 1),
(443, 33720967, 2, 188, 4),
(444, 3505218, 2, 337, 9),
(445, 66006191, 2, 346, 10),
(446, 88561920, 2, 159, 13),
(447, 37441881, 4, 294, 32),
(448, 70811446, 3, 388, 34),
(449, 60541191, 5, 370, 36),
(450, 21191627, 4, 334, 39),
(451, 22311591, 4, 181, 1),
(452, 11934474, 1, 362, 4),
(453, 84853780, 1, 194, 9),
(454, 19147143, 1, 332, 10),
(455, 2870378, 1, 342, 13),
(456, 31326033, 5, 110, 32),
(457, 16955508, 5, 152, 34),
(458, 40862053, 2, 267, 36),
(459, 99287560, 1, 139, 39),
(460, 73598321, 2, 205, 1),
(461, 39348776, 3, 201, 4),
(462, 77366604, 3, 265, 9),
(463, 39985018, 3, 153, 10),
(464, 93920977, 4, 374, 13),
(465, 76214995, 4, 391, 15),
(466, 97641080, 2, 379, 16),
(467, 55571498, 3, 301, 18),
(468, 3121133, 1, 355, 20),
(469, 43635637, 5, 120, 21),
(470, 69080128, 2, 309, 24),
(471, 12839717, 1, 362, 30),
(472, 80865986, 4, 373, 33),
(473, 45714558, 2, 153, 37),
(474, 58098808, 1, 399, 40),
(475, 91668629, 4, 244, 15),
(476, 60934344, 5, 122, 16),
(477, 41707021, 5, 109, 18),
(478, 74489327, 5, 393, 20),
(479, 88548229, 5, 246, 21),
(480, 28778069, 4, 363, 24),
(481, 35270801, 5, 162, 30),
(482, 11918299, 4, 150, 33),
(483, 35973263, 5, 257, 37),
(484, 11133286, 2, 308, 40),
(485, 94349148, 4, 237, 15),
(486, 26486923, 2, 171, 16),
(487, 19355023, 1, 356, 18),
(488, 82505069, 3, 190, 20),
(489, 26640240, 4, 296, 21),
(490, 27279263, 3, 150, 24),
(491, 17530915, 5, 321, 30),
(492, 99631289, 2, 304, 33),
(493, 4693830, 2, 269, 37),
(494, 99708172, 5, 104, 40),
(495, 66210975, 5, 228, 15),
(496, 38695904, 4, 239, 16),
(497, 36300225, 5, 172, 18),
(498, 30159475, 2, 314, 20),
(499, 1046889, 4, 101, 21),
(500, 83897852, 2, 159, 24),
(501, 79639695, 2, 198, 30),
(502, 19927215, 2, 259, 33),
(503, 48227033, 2, 382, 37),
(504, 91570649, 3, 296, 40),
(505, 33499047, 1, 232, 15),
(506, 75820043, 4, 104, 16),
(507, 37998727, 3, 107, 18),
(508, 25891984, 1, 328, 20),
(509, 34837278, 3, 324, 21),
(510, 41383359, 2, 293, 24),
(511, 43210387, 2, 144, 30),
(512, 95273019, 3, 387, 33),
(513, 89516308, 5, 119, 37),
(514, 47127957, 1, 332, 40),
(515, 86761271, 2, 317, 15),
(516, 36558073, 5, 298, 16),
(517, 22289017, 4, 204, 18),
(518, 43660834, 1, 314, 20),
(519, 17514125, 3, 215, 21),
(520, 53073458, 2, 279, 24),
(521, 89451889, 3, 399, 30),
(522, 95639011, 1, 236, 33),
(523, 78369830, 5, 266, 37),
(524, 65188790, 3, 309, 40),
(525, 74856774, 4, 270, 15),
(526, 45177361, 5, 252, 16),
(527, 69821050, 2, 158, 18),
(528, 95565641, 4, 199, 20),
(529, 31630603, 4, 236, 21),
(530, 20896085, 3, 310, 24),
(531, 74003079, 3, 324, 30),
(532, 91981025, 1, 257, 33),
(533, 72140509, 4, 306, 37),
(534, 95611910, 4, 277, 40),
(535, 2442721, 5, 141, 15),
(536, 49176155, 4, 184, 16),
(537, 49458922, 1, 160, 18),
(538, 23022176, 4, 194, 20),
(539, 61071517, 4, 240, 21),
(540, 27858900, 5, 360, 24),
(541, 38015304, 4, 203, 30),
(542, 46169830, 2, 161, 33),
(543, 5528027, 4, 245, 37),
(544, 96581167, 1, 206, 40),
(545, 44275915, 2, 150, 15),
(546, 96543279, 5, 395, 16),
(547, 59772298, 2, 335, 18),
(548, 87814873, 1, 176, 20),
(549, 89076415, 3, 109, 21),
(550, 25341515, 3, 355, 24),
(551, 57247015, 5, 275, 30),
(552, 79144264, 5, 288, 33),
(553, 60914101, 1, 157, 37),
(554, 84279317, 5, 103, 40),
(555, 91856009, 4, 215, 15),
(556, 56099871, 1, 251, 16),
(557, 92646014, 3, 389, 18),
(558, 50244492, 4, 277, 20),
(559, 47951885, 1, 323, 21),
(560, 6085788, 1, 149, 24),
(561, 72950981, 1, 297, 30),
(562, 96356681, 3, 229, 33),
(563, 33460037, 1, 200, 37),
(564, 56130134, 2, 270, 40),
(565, 73307896, 4, 130, 15),
(566, 36865689, 5, 346, 16),
(567, 38935263, 3, 335, 18),
(568, 6825224, 5, 169, 20),
(569, 70761091, 2, 343, 21),
(570, 79740673, 5, 342, 24),
(571, 86369952, 2, 328, 30),
(572, 52556318, 5, 235, 33),
(573, 31971725, 4, 256, 37),
(574, 42600575, 4, 203, 40),
(575, 1298822, 3, 278, 15),
(576, 58293788, 3, 157, 16),
(577, 20103489, 5, 257, 18),
(578, 47058623, 5, 144, 20),
(579, 9265181, 1, 205, 21),
(580, 81683565, 4, 235, 24),
(581, 39457780, 1, 200, 30),
(582, 40251598, 5, 153, 33),
(583, 15407485, 4, 180, 37),
(584, 22062764, 2, 354, 40),
(585, 37158133, 3, 258, 15),
(586, 97410659, 1, 330, 16),
(587, 41710256, 2, 185, 18),
(588, 36890563, 1, 280, 20),
(589, 38648009, 4, 350, 21),
(590, 81265552, 2, 120, 24),
(591, 97977233, 5, 275, 30),
(592, 98968052, 5, 264, 33),
(593, 44401208, 3, 233, 37),
(594, 33029158, 4, 175, 40),
(595, 75928974, 3, 302, 15),
(596, 34423163, 5, 194, 16),
(597, 77961387, 2, 126, 18),
(598, 77346683, 3, 191, 20),
(599, 66080689, 5, 368, 21),
(600, 25029596, 1, 253, 24),
(601, 47266024, 4, 385, 30),
(602, 91412606, 4, 127, 33),
(603, 59788317, 5, 377, 37),
(604, 40563067, 5, 377, 40),
(605, 27642917, 5, 102, 15),
(606, 62796836, 5, 154, 16),
(607, 83322495, 3, 393, 18),
(608, 86717542, 3, 192, 20),
(609, 58112973, 3, 215, 21),
(610, 19165145, 5, 107, 24),
(611, 79011513, 3, 199, 30),
(612, 55734522, 1, 159, 33),
(613, 87845744, 3, 391, 37),
(614, 3296293, 2, 398, 40),
(615, 97614056, 5, 385, 15),
(616, 9660938, 5, 117, 16),
(617, 57585711, 4, 359, 18),
(618, 34669630, 4, 355, 20),
(619, 13391696, 1, 172, 21),
(620, 5416329, 4, 353, 24),
(621, 63722947, 5, 309, 30),
(622, 34196789, 3, 380, 33),
(623, 21609768, 1, 125, 37),
(624, 66443567, 4, 227, 40),
(625, 54665213, 5, 158, 15),
(626, 36625560, 3, 168, 16),
(627, 11739936, 5, 149, 18),
(628, 63661470, 1, 333, 20),
(629, 93704093, 3, 319, 21),
(630, 67547598, 2, 220, 24),
(631, 37162124, 1, 105, 30),
(632, 91193704, 3, 296, 33),
(633, 53800473, 4, 203, 37),
(634, 20929867, 5, 244, 40),
(635, 31238275, 1, 119, 15),
(636, 66159381, 4, 120, 16),
(637, 20872279, 2, 133, 18),
(638, 55584183, 5, 373, 20),
(639, 74133967, 2, 220, 21),
(640, 56778887, 4, 135, 24),
(641, 92918335, 3, 173, 30),
(642, 37453438, 5, 101, 2),
(643, 96661862, 2, 335, 3),
(644, 66437976, 5, 266, 5),
(645, 42063236, 3, 287, 6),
(646, 96802161, 5, 367, 7),
(647, 92514631, 5, 174, 8),
(648, 23191762, 1, 381, 11),
(649, 12270107, 4, 310, 12),
(650, 21166963, 3, 168, 14),
(651, 23170315, 5, 371, 17),
(652, 23572083, 1, 147, 19),
(653, 21006226, 5, 344, 22),
(654, 26555369, 2, 295, 23),
(655, 87388523, 1, 163, 25),
(656, 36275766, 4, 344, 26),
(657, 43372770, 3, 329, 27),
(658, 43449042, 3, 133, 28),
(659, 79602912, 3, 182, 29),
(660, 91394450, 3, 251, 31),
(661, 94952255, 2, 112, 35),
(662, 21968061, 2, 308, 38),
(663, 94173902, 5, 322, 1),
(664, 25345062, 2, 162, 4),
(665, 35618697, 3, 138, 9),
(666, 23530777, 5, 303, 10),
(667, 13689300, 4, 392, 13),
(668, 23193157, 1, 374, 15),
(669, 55706773, 5, 332, 16),
(670, 49923901, 1, 367, 18),
(671, 29486272, 5, 266, 20),
(672, 54623341, 3, 112, 21),
(673, 54839051, 1, 123, 24),
(674, 87503699, 4, 294, 30),
(675, 3696862, 5, 214, 32),
(676, 14999290, 3, 238, 33),
(677, 76496414, 4, 218, 34),
(678, 39382306, 5, 386, 36),
(679, 75982516, 1, 114, 37),
(680, 80146204, 5, 130, 39),
(681, 80181152, 3, 173, 40),
(682, 86470635, 1, 177, 1),
(683, 2511777, 5, 219, 4),
(684, 24393591, 1, 220, 9),
(685, 88963278, 1, 127, 10),
(686, 29542557, 3, 126, 13),
(687, 46001773, 1, 206, 15),
(688, 1455104, 1, 392, 16),
(689, 57529969, 3, 342, 18),
(690, 11966365, 2, 254, 20),
(691, 71430020, 3, 217, 21),
(692, 77487795, 4, 223, 24),
(693, 49680957, 1, 296, 30),
(694, 20410707, 5, 353, 32),
(695, 6230705, 2, 321, 33),
(696, 16791557, 5, 201, 34),
(697, 90380699, 4, 331, 36),
(698, 49912668, 1, 334, 37),
(699, 28219145, 4, 112, 39),
(700, 16014591, 2, 205, 40),
(701, 30444744, 2, 103, 1),
(702, 99564119, 1, 102, 4),
(703, 67602858, 1, 319, 9),
(704, 65064613, 4, 280, 10),
(705, 88032731, 4, 320, 13),
(706, 99851190, 4, 395, 15),
(707, 34858691, 5, 203, 16),
(708, 41670865, 5, 327, 18),
(709, 12167609, 1, 328, 20),
(710, 22415477, 2, 322, 21),
(711, 9545391, 5, 361, 24),
(712, 83720901, 3, 115, 30),
(713, 11019219, 3, 379, 32),
(714, 54828163, 3, 367, 33),
(715, 1928761, 3, 275, 34),
(716, 54338311, 4, 192, 36),
(717, 73593521, 5, 172, 37),
(718, 68587241, 5, 268, 39),
(719, 62673613, 3, 329, 40),
(720, 79609507, 3, 237, 1),
(721, 1662631, 3, 400, 4),
(722, 62835201, 1, 337, 9),
(723, 43031605, 1, 231, 10),
(724, 72609565, 2, 147, 13),
(725, 78502502, 5, 311, 15),
(726, 10350946, 4, 133, 16),
(727, 15832796, 5, 247, 18),
(728, 5349742, 2, 214, 20),
(729, 53276426, 3, 155, 21),
(730, 1665949, 1, 213, 24),
(731, 42711516, 2, 272, 30),
(732, 36722091, 5, 107, 32),
(733, 83438504, 2, 330, 33),
(734, 77379478, 4, 295, 34),
(735, 99733911, 1, 220, 36),
(736, 34764083, 4, 144, 37),
(737, 85198889, 5, 272, 39),
(738, 95464380, 4, 225, 40),
(739, 38284586, 5, 348, 15),
(740, 81296209, 1, 105, 16),
(741, 73062480, 5, 162, 18),
(742, 82269758, 4, 200, 20),
(743, 83856286, 3, 179, 21),
(744, 17263837, 4, 274, 24),
(745, 5106899, 1, 282, 30),
(746, 51033652, 2, 111, 33),
(747, 89976843, 2, 150, 37),
(748, 51594379, 2, 249, 40),
(749, 99727723, 1, 184, 15),
(750, 35205103, 5, 200, 16),
(751, 8291361, 4, 141, 18),
(752, 38453799, 3, 323, 20),
(753, 15758779, 4, 169, 21),
(754, 74630766, 4, 259, 24),
(755, 38769019, 3, 377, 30),
(756, 43913311, 3, 246, 33),
(757, 13212172, 3, 291, 37),
(758, 92595710, 4, 231, 40),
(759, 3642555, 4, 398, 15),
(760, 9577867, 2, 174, 16),
(761, 62278284, 5, 270, 18),
(762, 77367447, 2, 388, 20),
(763, 26699651, 5, 307, 21),
(764, 86437836, 1, 175, 24),
(765, 13927222, 2, 243, 30),
(766, 27644511, 5, 308, 33),
(767, 32861022, 3, 171, 37),
(768, 3507621, 2, 398, 40),
(769, 9432351, 3, 261, 15),
(770, 77791875, 1, 315, 16),
(771, 28898834, 2, 176, 18),
(772, 42033516, 3, 349, 20),
(773, 71314366, 3, 370, 21),
(774, 39000826, 4, 303, 24),
(775, 22391994, 5, 190, 30),
(776, 59321373, 1, 224, 33),
(777, 29328911, 3, 272, 37),
(778, 36942942, 4, 394, 40),
(779, 55938704, 5, 303, 15),
(780, 13535940, 3, 150, 16),
(781, 63236368, 4, 217, 18),
(782, 89952603, 2, 314, 20),
(783, 37103435, 1, 105, 21),
(784, 85385789, 1, 341, 24),
(785, 18165590, 5, 157, 30),
(786, 66750263, 1, 188, 33),
(787, 37264776, 4, 323, 37),
(788, 46181355, 3, 179, 40),
(789, 16532715, 4, 229, 15),
(790, 6330320, 1, 128, 16),
(791, 69638176, 2, 311, 18),
(792, 3429927, 5, 242, 20),
(793, 36996207, 2, 221, 21),
(794, 20659750, 4, 219, 24),
(795, 80744949, 1, 357, 30),
(796, 2939902, 2, 261, 33),
(797, 67835760, 5, 245, 37),
(798, 93624621, 3, 239, 40),
(799, 67797575, 2, 253, 15),
(800, 95776652, 4, 206, 16),
(801, 3263913, 3, 286, 18),
(802, 37020226, 2, 318, 20),
(803, 23170129, 5, 162, 21),
(804, 11066113, 5, 364, 24),
(805, 17920157, 1, 179, 30),
(806, 14231437, 2, 246, 33),
(807, 27154827, 3, 168, 37),
(808, 9262990, 2, 319, 40),
(809, 94294985, 1, 257, 15),
(810, 46187918, 4, 133, 16),
(811, 44753343, 2, 195, 18),
(812, 10405732, 5, 102, 20),
(813, 61387795, 3, 119, 21),
(814, 5781925, 3, 259, 24),
(815, 25786916, 3, 216, 30),
(816, 54531645, 2, 141, 33),
(817, 64309182, 3, 153, 37),
(818, 78250590, 2, 293, 40),
(819, 86369754, 2, 290, 15),
(820, 11975828, 1, 354, 16),
(821, 82988806, 2, 390, 18),
(822, 97969447, 1, 253, 20),
(823, 17199826, 4, 349, 21),
(824, 19974407, 2, 314, 24),
(825, 59200820, 1, 168, 30),
(826, 48507348, 5, 193, 33),
(827, 90048140, 3, 273, 37),
(828, 59787667, 1, 193, 40),
(829, 4939447, 4, 222, 15),
(830, 57379923, 2, 156, 16),
(831, 3056076, 2, 180, 18),
(832, 82319173, 3, 310, 20),
(833, 85190332, 4, 345, 21),
(834, 72685222, 1, 192, 24),
(835, 92234083, 4, 207, 30),
(836, 70582032, 1, 339, 33),
(837, 79547771, 4, 214, 37),
(838, 63349135, 1, 311, 40),
(839, 60640841, 2, 185, 15),
(840, 59520093, 5, 107, 16),
(841, 20200023, 4, 372, 18),
(842, 12362105, 5, 156, 20),
(843, 20497905, 3, 348, 21),
(844, 5277894, 3, 291, 24),
(845, 59115413, 2, 387, 30),
(846, 78465718, 5, 302, 33),
(847, 65284278, 5, 156, 37),
(848, 93401533, 2, 283, 40),
(849, 50891682, 2, 181, 15),
(850, 20449585, 3, 219, 16),
(851, 1338752, 1, 235, 18),
(852, 9327190, 4, 216, 20),
(853, 77468270, 1, 388, 21),
(854, 83301416, 2, 283, 24),
(855, 78667604, 5, 311, 30),
(856, 49287176, 4, 140, 33),
(857, 34037079, 3, 307, 37),
(858, 57128274, 1, 164, 40),
(859, 48036746, 1, 246, 15),
(860, 22431842, 2, 101, 16),
(861, 77526182, 4, 133, 18),
(862, 85107662, 2, 145, 20),
(863, 99175327, 4, 303, 21),
(864, 8956768, 3, 150, 24),
(865, 72067978, 3, 105, 30),
(866, 93547020, 5, 372, 33),
(867, 45530894, 1, 345, 37),
(868, 47044704, 3, 387, 40),
(869, 70776788, 5, 255, 15),
(870, 97297864, 4, 354, 16),
(871, 7537671, 3, 170, 18),
(872, 53983753, 4, 183, 20),
(873, 1824776, 2, 238, 21),
(874, 35660187, 3, 289, 24),
(875, 23730503, 1, 187, 30),
(876, 49832140, 3, 198, 33),
(877, 95139072, 2, 190, 37),
(878, 92122763, 1, 376, 40),
(879, 58766506, 1, 161, 15),
(880, 86786710, 3, 289, 16),
(881, 20030821, 2, 369, 18),
(882, 88656297, 1, 365, 20),
(883, 55528199, 1, 201, 21),
(884, 59372456, 5, 357, 24),
(885, 96597132, 5, 117, 30),
(886, 85338679, 5, 140, 33),
(887, 62865300, 1, 340, 37),
(888, 78998138, 1, 295, 40),
(889, 52138087, 3, 305, 15),
(890, 10405903, 1, 212, 16),
(891, 79526465, 5, 218, 18),
(892, 14403589, 1, 385, 20),
(893, 73903668, 1, 372, 21),
(894, 80588549, 4, 188, 24),
(895, 12379420, 3, 260, 30),
(896, 90201582, 1, 307, 33),
(897, 18391228, 2, 109, 37),
(898, 6538277, 4, 347, 40),
(899, 82488751, 1, 396, 15),
(900, 84933662, 1, 354, 16),
(901, 62918812, 4, 227, 18),
(902, 31652046, 2, 163, 20),
(903, 82358819, 1, 143, 21),
(904, 45495205, 5, 104, 24),
(905, 95053467, 5, 290, 30),
(906, 54005731, 2, 367, 33),
(907, 4429147, 3, 259, 37),
(908, 70383105, 2, 356, 40),
(909, 21728134, 3, 171, 15),
(910, 12614311, 4, 266, 16),
(911, 82666164, 3, 210, 18),
(912, 21974535, 4, 107, 20),
(913, 18313164, 5, 180, 21),
(914, 64549578, 5, 383, 24),
(915, 48828299, 2, 351, 30),
(916, 11873888, 1, 277, 33),
(917, 5592055, 1, 241, 37),
(918, 75672560, 1, 270, 40),
(919, 51234366, 5, 196, 15),
(920, 30246381, 4, 143, 16),
(921, 71733297, 4, 120, 18),
(922, 99869569, 1, 354, 20),
(923, 8992543, 5, 137, 21),
(924, 82750785, 5, 267, 24),
(925, 67208846, 5, 322, 30),
(926, 33456426, 4, 122, 33),
(927, 98950664, 4, 286, 37),
(928, 19234407, 4, 161, 40),
(929, 8274382, 5, 152, 15),
(930, 43105279, 4, 231, 16),
(931, 17117221, 1, 251, 18),
(932, 64354556, 2, 101, 20),
(933, 19848857, 4, 216, 21),
(934, 82131075, 2, 299, 24),
(935, 83600159, 4, 180, 30),
(936, 68511156, 3, 194, 33),
(937, 1802531, 2, 362, 37),
(938, 96749071, 1, 232, 40),
(939, 82580654, 2, 288, 15),
(940, 94625567, 4, 236, 16),
(941, 22249639, 4, 301, 18),
(942, 62323108, 5, 400, 20),
(943, 1778257, 5, 109, 21),
(944, 58602981, 1, 328, 24),
(945, 38229818, 1, 366, 30),
(946, 23770124, 4, 399, 33),
(947, 11554380, 1, 243, 37),
(948, 50602088, 3, 286, 40),
(949, 39600078, 1, 205, 15),
(950, 5321002, 1, 245, 16),
(951, 14322155, 3, 200, 18),
(952, 60535000, 5, 161, 20),
(953, 44382667, 3, 326, 21),
(954, 42271665, 5, 302, 24),
(955, 30381375, 3, 345, 30),
(956, 2406602, 3, 331, 33),
(957, 59798880, 4, 104, 37),
(958, 21799413, 1, 234, 40),
(959, 20422780, 2, 225, 15),
(960, 82144847, 4, 286, 16),
(961, 10382424, 5, 353, 18),
(962, 5343699, 3, 191, 20),
(963, 66354678, 4, 355, 21),
(964, 21756845, 5, 240, 24),
(965, 24002060, 1, 315, 30),
(966, 46370235, 2, 252, 33),
(967, 34733339, 2, 212, 37),
(968, 84914339, 4, 133, 40),
(969, 40263754, 5, 251, 15),
(970, 4306514, 2, 371, 16),
(971, 12086045, 1, 379, 18),
(972, 8825600, 5, 154, 20),
(973, 91266955, 3, 269, 21),
(974, 81561392, 1, 133, 24),
(975, 71767248, 4, 307, 30),
(976, 13348615, 2, 399, 33),
(977, 68017045, 5, 107, 37),
(978, 77079549, 4, 281, 40),
(979, 97904189, 5, 316, 15),
(980, 65966391, 3, 375, 16),
(981, 13855988, 1, 221, 18),
(982, 60856708, 4, 198, 20),
(983, 91129605, 4, 129, 21),
(984, 1875015, 3, 275, 24),
(985, 28438127, 4, 208, 30),
(986, 43474326, 2, 260, 33),
(987, 60521899, 1, 354, 37),
(988, 55641702, 1, 181, 40),
(989, 72919227, 3, 315, 15),
(990, 30902857, 3, 365, 16),
(991, 60170364, 1, 331, 18),
(992, 66797395, 5, 325, 20),
(993, 37179861, 4, 315, 21),
(994, 28959370, 1, 307, 24),
(995, 60375249, 1, 385, 30),
(996, 22249384, 5, 269, 33),
(997, 76948054, 3, 277, 37),
(998, 36394996, 3, 384, 40),
(999, 15277722, 4, 355, 15),
(1000, 90290098, 5, 363, 16),
(1001, 60259609, 1, 210, 18),
(1002, 70281366, 2, 150, 20),
(1003, 33222127, 4, 337, 21),
(1004, 88781817, 2, 212, 24),
(1005, 41687850, 3, 228, 30),
(1006, 34732771, 5, 230, 33),
(1007, 42706153, 1, 229, 37),
(1008, 16997656, 5, 341, 40),
(1009, 79285482, 3, 102, 15),
(1010, 39396926, 5, 219, 16),
(1011, 86767283, 4, 244, 18),
(1012, 57027678, 1, 215, 20),
(1013, 43402486, 4, 252, 21),
(1014, 74715189, 5, 364, 24),
(1015, 59255564, 3, 371, 30),
(1016, 51132689, 2, 324, 33),
(1017, 37765188, 2, 218, 37),
(1018, 91597608, 5, 257, 40),
(1019, 52464522, 3, 253, 15),
(1020, 34283640, 3, 161, 16),
(1021, 91803535, 1, 332, 18),
(1022, 14683730, 4, 184, 20),
(1023, 84680060, 2, 105, 21),
(1024, 16459844, 4, 358, 24),
(1025, 40441321, 4, 330, 30),
(1026, 81631174, 5, 184, 33),
(1027, 1407555, 1, 400, 37),
(1028, 87937836, 2, 140, 40),
(1029, 51752914, 3, 242, 1),
(1030, 96082112, 3, 265, 4),
(1031, 85077435, 1, 341, 9),
(1032, 46438703, 4, 122, 10),
(1033, 35946804, 3, 389, 13),
(1034, 13461256, 4, 362, 32),
(1035, 51301003, 4, 133, 34),
(1036, 58541672, 1, 235, 36),
(1037, 6092911, 1, 391, 39),
(1038, 32874167, 3, 327, 1),
(1039, 61263721, 5, 108, 4),
(1040, 90402723, 2, 166, 9),
(1041, 46020106, 5, 120, 10),
(1042, 11360301, 4, 147, 13),
(1043, 60164680, 1, 310, 32),
(1044, 64396777, 1, 278, 34),
(1045, 55732704, 5, 113, 36),
(1046, 19612223, 4, 220, 39),
(1047, 78215995, 4, 207, 1),
(1048, 19894933, 3, 153, 4),
(1049, 62412504, 1, 316, 9),
(1050, 3357499, 4, 158, 10),
(1051, 91751409, 5, 118, 13),
(1052, 28980362, 3, 352, 32),
(1053, 1540607, 3, 169, 34),
(1054, 99849833, 2, 170, 36),
(1055, 31721322, 5, 284, 39),
(1056, 49463820, 5, 237, 1),
(1057, 36886444, 2, 338, 4),
(1058, 5758908, 1, 114, 9),
(1059, 87563240, 4, 280, 10),
(1060, 15121689, 4, 284, 13),
(1061, 44058684, 5, 201, 32),
(1062, 15299148, 1, 394, 34),
(1063, 30011147, 3, 249, 36),
(1064, 45691208, 4, 195, 39),
(1065, 41292977, 2, 110, 1),
(1066, 87972843, 5, 211, 4),
(1067, 53661144, 1, 383, 9),
(1068, 57358628, 4, 309, 10),
(1069, 38926596, 5, 311, 13),
(1070, 9447673, 3, 318, 32),
(1071, 21931704, 1, 207, 34),
(1072, 2105484, 1, 392, 36),
(1073, 24196630, 3, 193, 39),
(1074, 6775420, 5, 310, 1),
(1075, 98605570, 2, 263, 4),
(1076, 50660563, 3, 157, 9),
(1077, 71122696, 4, 237, 10),
(1078, 31280798, 4, 269, 13),
(1079, 34997810, 2, 187, 32),
(1080, 96570122, 3, 127, 34),
(1081, 30430341, 5, 276, 36),
(1082, 27074668, 4, 229, 39),
(1083, 17106385, 4, 155, 1),
(1084, 33720967, 4, 274, 4),
(1085, 3505218, 1, 381, 9),
(1086, 66006191, 4, 237, 10),
(1087, 88561920, 2, 206, 13),
(1088, 37441881, 2, 228, 32),
(1089, 70811446, 4, 169, 34),
(1090, 60541191, 2, 328, 36),
(1091, 21191627, 5, 255, 39),
(1092, 22311591, 3, 166, 1),
(1093, 11934474, 3, 390, 4),
(1094, 84853780, 5, 197, 9),
(1095, 19147143, 4, 283, 10),
(1096, 2870378, 3, 352, 13),
(1097, 31326033, 2, 229, 32),
(1098, 16955508, 3, 399, 34),
(1099, 40862053, 4, 369, 36),
(1100, 99287560, 2, 178, 39),
(1101, 73598321, 3, 259, 1),
(1102, 39348776, 5, 270, 4),
(1103, 77366604, 5, 397, 9),
(1104, 39985018, 2, 122, 10),
(1105, 93920977, 4, 227, 13);


INSERT INTO `receipt` (`Injection_Id`, `Appointment_ID`) VALUES
(1, 1),
(2, 5),
(3, 9),
(4, 10),
(5, 14),
(6, 18),
(7, 20),
(8, 21),
(9, 22),
(10, 23),
(11, 24),
(12, 25),
(13, 26),
(14, 29),
(15, 32),
(16, 33),
(17, 34),
(18, 35),
(19, 36),
(20, 37),
(21, 38),
(22, 40),
(23, 41),
(24, 43),
(25, 44),
(26, 45),
(27, 46),
(28, 48),
(29, 49),
(30, 50),
(31, 51),
(32, 53),
(33, 57),
(34, 59),
(35, 60),
(36, 62),
(37, 63),
(38, 64),
(39, 67),
(40, 68),
(41, 72),
(42, 74),
(43, 75),
(44, 77),
(45, 78),
(46, 82),
(47, 83),
(48, 84),
(49, 85),
(50, 86),
(51, 87),
(52, 88),
(53, 89),
(54, 91),
(55, 94),
(56, 95),
(57, 96),
(58, 97),
(59, 100),
(60, 101),
(61, 104),
(62, 105),
(63, 106),
(64, 108),
(65, 114),
(66, 118),
(67, 119),
(68, 121),
(69, 122),
(70, 123),
(71, 124),
(72, 125),
(73, 126),
(74, 128),
(75, 129),
(76, 130),
(77, 131),
(78, 133),
(79, 135),
(80, 136),
(81, 137),
(82, 138),
(83, 139),
(84, 141),
(85, 143),
(86, 144),
(87, 145),
(88, 146),
(89, 148),
(90, 149),
(91, 150),
(92, 151),
(93, 152),
(94, 153),
(95, 155),
(96, 158),
(97, 159),
(98, 160),
(99, 163),
(100, 164),
(101, 165),
(102, 166),
(103, 167),
(104, 172),
(105, 174),
(106, 175),
(107, 176),
(108, 178),
(109, 180),
(110, 181),
(111, 182),
(112, 183),
(113, 185),
(114, 186),
(115, 189),
(116, 190),
(117, 191),
(118, 192),
(119, 195),
(120, 196),
(121, 199),
(122, 200),
(123, 201),
(124, 202),
(125, 203),
(126, 204),
(127, 206),
(128, 209),
(129, 212),
(130, 213),
(131, 214),
(132, 215),
(133, 216),
(134, 217),
(135, 218),
(136, 219),
(137, 221),
(138, 222),
(139, 224),
(140, 227),
(141, 228),
(142, 230),
(143, 232),
(144, 233),
(145, 234),
(146, 235),
(147, 236),
(148, 237),
(149, 238),
(150, 239),
(151, 241),
(152, 243),
(153, 244),
(154, 245),
(155, 248),
(156, 249),
(157, 250),
(158, 251),
(159, 252),
(160, 254),
(161, 256),
(162, 257),
(163, 258),
(164, 259),
(165, 260),
(166, 264),
(167, 265),
(168, 266),
(169, 268),
(170, 269),
(171, 270),
(172, 272),
(173, 274),
(174, 275),
(175, 276),
(176, 277),
(177, 278),
(178, 279),
(179, 282),
(180, 284),
(181, 285),
(182, 286),
(183, 288),
(184, 289),
(185, 290),
(186, 291),
(187, 292),
(188, 293),
(189, 294),
(190, 297),
(191, 298),
(192, 299),
(193, 300),
(194, 302),
(195, 303),
(196, 307),
(197, 308),
(198, 309),
(199, 311),
(200, 312),
(201, 313),
(202, 315),
(203, 317),
(204, 319),
(205, 320),
(206, 321),
(207, 326),
(208, 327),
(209, 328),
(210, 330),
(211, 331),
(212, 333),
(213, 334),
(214, 338),
(215, 340),
(216, 341),
(217, 342),
(218, 343),
(219, 344),
(220, 346),
(221, 347),
(222, 349),
(223, 350),
(224, 351),
(225, 352),
(226, 353),
(227, 354),
(228, 357),
(229, 359),
(230, 360),
(231, 363),
(232, 364),
(233, 366),
(234, 367),
(235, 368),
(236, 371),
(237, 372),
(238, 375),
(239, 376),
(240, 377),
(241, 378),
(242, 379),
(243, 380),
(244, 383),
(245, 384),
(246, 386),
(247, 387),
(248, 389),
(249, 390),
(250, 394),
(251, 395),
(252, 396),
(253, 398),
(254, 400),
(255, 401),
(256, 402),
(257, 403),
(258, 404),
(259, 405),
(260, 408),
(261, 409),
(262, 412),
(263, 413),
(264, 416),
(265, 417),
(266, 419),
(267, 420),
(268, 421),
(269, 422),
(270, 423),
(271, 424),
(272, 426),
(273, 428),
(274, 429),
(275, 430),
(276, 432),
(277, 434),
(278, 435),
(279, 438),
(280, 441),
(281, 442),
(282, 443),
(283, 445),
(284, 446),
(285, 447),
(286, 448),
(287, 449),
(288, 452),
(289, 455),
(290, 456),
(291, 459),
(292, 460),
(293, 461),
(294, 462),
(295, 464),
(296, 465),
(297, 466),
(298, 468),
(299, 469),
(300, 470),
(301, 472),
(302, 473),
(303, 474),
(304, 475),
(305, 476),
(306, 477),
(307, 478),
(308, 479),
(309, 480),
(310, 481),
(311, 482),
(312, 483),
(313, 486),
(314, 488),
(315, 489),
(316, 492),
(317, 493),
(318, 494),
(319, 502),
(320, 504),
(321, 505),
(322, 506),
(323, 507),
(324, 508),
(325, 509),
(326, 510),
(327, 511),
(328, 514),
(329, 515),
(330, 516),
(331, 517),
(332, 520),
(333, 523),
(334, 524),
(335, 525),
(336, 526),
(337, 527),
(338, 528),
(339, 530),
(340, 531),
(341, 532),
(342, 535),
(343, 536),
(344, 537),
(345, 538),
(346, 539),
(347, 540),
(348, 542),
(349, 543),
(350, 544),
(351, 545),
(352, 547),
(353, 548),
(354, 550),
(355, 552),
(356, 557),
(357, 558),
(358, 559),
(359, 560),
(360, 561),
(361, 562),
(362, 563),
(363, 564),
(364, 565),
(365, 575),
(366, 576),
(367, 578),
(368, 579),
(369, 580),
(370, 582),
(371, 583),
(372, 584),
(373, 585),
(374, 586),
(375, 587),
(376, 588),
(377, 589),
(378, 591),
(379, 592),
(380, 593),
(381, 595),
(382, 598),
(383, 599),
(384, 600),
(385, 601),
(386, 602),
(387, 603),
(388, 605),
(389, 606),
(390, 607),
(391, 608),
(392, 610),
(393, 612),
(394, 613),
(395, 614),
(396, 615),
(397, 616),
(398, 617),
(399, 618),
(400, 622),
(401, 623),
(402, 624),
(403, 625),
(404, 626),
(405, 627),
(406, 629),
(407, 630),
(408, 631),
(409, 632),
(410, 633),
(411, 634),
(412, 635),
(413, 636),
(414, 637),
(415, 638),
(416, 639),
(417, 640),
(418, 641),
(419, 642),
(420, 643),
(421, 644),
(422, 645),
(423, 647),
(424, 648),
(425, 649),
(426, 650),
(427, 651),
(428, 652),
(429, 653),
(430, 655),
(431, 656),
(432, 659),
(433, 660),
(434, 662),
(435, 663),
(436, 665),
(437, 667),
(438, 668),
(439, 669),
(440, 671),
(441, 672),
(442, 675),
(443, 676),
(444, 678),
(445, 679),
(446, 680),
(447, 681),
(448, 682),
(449, 683),
(450, 684),
(451, 686),
(452, 687),
(453, 688),
(454, 690),
(455, 692),
(456, 693),
(457, 694),
(458, 697),
(459, 699),
(460, 702),
(461, 704),
(462, 705),
(463, 708),
(464, 710),
(465, 711),
(466, 712),
(467, 713),
(468, 714),
(469, 715),
(470, 716),
(471, 717),
(472, 718),
(473, 721),
(474, 722),
(475, 723),
(476, 726),
(477, 728),
(478, 729),
(479, 731),
(480, 732),
(481, 733),
(482, 738),
(483, 740),
(484, 741),
(485, 742),
(486, 744),
(487, 745),
(488, 746),
(489, 747),
(490, 748),
(491, 750),
(492, 751),
(493, 752),
(494, 753),
(495, 754),
(496, 755),
(497, 756),
(498, 757),
(499, 760),
(500, 762),
(501, 763),
(502, 764),
(503, 765),
(504, 769),
(505, 770),
(506, 771),
(507, 772),
(508, 773),
(509, 774),
(510, 775),
(511, 778),
(512, 779),
(513, 780),
(514, 781),
(515, 783),
(516, 786),
(517, 787),
(518, 788),
(519, 789),
(520, 791),
(521, 793),
(522, 794),
(523, 796),
(524, 797),
(525, 798),
(526, 799),
(527, 801),
(528, 803),
(529, 804),
(530, 805),
(531, 809),
(532, 810),
(533, 812),
(534, 813),
(535, 814),
(536, 816),
(537, 819),
(538, 821),
(539, 822),
(540, 828),
(541, 829),
(542, 831),
(543, 833),
(544, 834),
(545, 838),
(546, 840),
(547, 841),
(548, 842),
(549, 844),
(550, 845),
(551, 846),
(552, 847),
(553, 851),
(554, 852),
(555, 853),
(556, 854),
(557, 855),
(558, 856),
(559, 858),
(560, 859),
(561, 860),
(562, 861),
(563, 862),
(564, 864),
(565, 867),
(566, 869),
(567, 870),
(568, 871),
(569, 872),
(570, 873),
(571, 874),
(572, 875),
(573, 878),
(574, 879),
(575, 880),
(576, 882),
(577, 884),
(578, 885),
(579, 886),
(580, 887),
(581, 888),
(582, 891),
(583, 892),
(584, 894),
(585, 896),
(586, 897),
(587, 898),
(588, 899),
(589, 901),
(590, 902),
(591, 903),
(592, 904),
(593, 906),
(594, 909),
(595, 914),
(596, 916),
(597, 917),
(598, 921),
(599, 924),
(600, 926),
(601, 928),
(602, 929),
(603, 930),
(604, 931),
(605, 932),
(606, 933),
(607, 935),
(608, 936),
(609, 937),
(610, 941),
(611, 942),
(612, 943),
(613, 944),
(614, 946),
(615, 947),
(616, 949),
(617, 950),
(618, 952),
(619, 955),
(620, 957),
(621, 958),
(622, 959),
(623, 960),
(624, 964),
(625, 966),
(626, 968),
(627, 969),
(628, 973),
(629, 974),
(630, 975),
(631, 976),
(632, 981),
(633, 983),
(634, 984),
(635, 986),
(636, 987),
(637, 988),
(638, 990),
(639, 991),
(640, 993),
(641, 995),
(642, 1001),
(643, 1005),
(644, 1009),
(645, 1010),
(646, 1014),
(647, 1018),
(648, 1020),
(649, 1021),
(650, 1022),
(651, 1023),
(652, 1024),
(653, 1025),
(654, 1026),
(655, 1029),
(656, 1032),
(657, 1033),
(658, 1034),
(659, 1035),
(660, 1036),
(661, 1037),
(662, 1038),
(663, 1040),
(664, 1041),
(665, 1043),
(666, 1044),
(667, 1045),
(668, 1046),
(669, 1048),
(670, 1049),
(671, 1050),
(672, 1051),
(673, 1053),
(674, 1057),
(675, 1059),
(676, 1060),
(677, 1062),
(678, 1063),
(679, 1064),
(680, 1067),
(681, 1068),
(682, 1072),
(683, 1074),
(684, 1075),
(685, 1077),
(686, 1078),
(687, 1082),
(688, 1083),
(689, 1084),
(690, 1085),
(691, 1086),
(692, 1087),
(693, 1088),
(694, 1089),
(695, 1091),
(696, 1094),
(697, 1095),
(698, 1096),
(699, 1097),
(700, 1100),
(701, 1101),
(702, 1104),
(703, 1105),
(704, 1106),
(705, 1108),
(706, 1114),
(707, 1118),
(708, 1119),
(709, 1121),
(710, 1122),
(711, 1123),
(712, 1124),
(713, 1125),
(714, 1126),
(715, 1128),
(716, 1129),
(717, 1130),
(718, 1131),
(719, 1133),
(720, 1135),
(721, 1136),
(722, 1137),
(723, 1138),
(724, 1139),
(725, 1141),
(726, 1143),
(727, 1144),
(728, 1145),
(729, 1146),
(730, 1148),
(731, 1149),
(732, 1150),
(733, 1151),
(734, 1152),
(735, 1153),
(736, 1155),
(737, 1158),
(738, 1159),
(739, 1160),
(740, 1163),
(741, 1164),
(742, 1165),
(743, 1166),
(744, 1167),
(745, 1172),
(746, 1174),
(747, 1175),
(748, 1176),
(749, 1178),
(750, 1180),
(751, 1181),
(752, 1182),
(753, 1183),
(754, 1185),
(755, 1186),
(756, 1189),
(757, 1190),
(758, 1191),
(759, 1192),
(760, 1195),
(761, 1196),
(762, 1199),
(763, 1200),
(764, 1201),
(765, 1202),
(766, 1203),
(767, 1204),
(768, 1206),
(769, 1209),
(770, 1212),
(771, 1213),
(772, 1214),
(773, 1215),
(774, 1216),
(775, 1217),
(776, 1218),
(777, 1219),
(778, 1221),
(779, 1222),
(780, 1224),
(781, 1227),
(782, 1228),
(783, 1230),
(784, 1232),
(785, 1233),
(786, 1234),
(787, 1235),
(788, 1236),
(789, 1237),
(790, 1238),
(791, 1239),
(792, 1241),
(793, 1243),
(794, 1244),
(795, 1245),
(796, 1248),
(797, 1249),
(798, 1250),
(799, 1251),
(800, 1252),
(801, 1254),
(802, 1256),
(803, 1257),
(804, 1258),
(805, 1259),
(806, 1260),
(807, 1264),
(808, 1265),
(809, 1266),
(810, 1268),
(811, 1269),
(812, 1270),
(813, 1272),
(814, 1274),
(815, 1275),
(816, 1276),
(817, 1277),
(818, 1278),
(819, 1279),
(820, 1282),
(821, 1284),
(822, 1285),
(823, 1286),
(824, 1288),
(825, 1289),
(826, 1290),
(827, 1291),
(828, 1292),
(829, 1293),
(830, 1294),
(831, 1297),
(832, 1298),
(833, 1299),
(834, 1300),
(835, 1302),
(836, 1303),
(837, 1307),
(838, 1308),
(839, 1309),
(840, 1311),
(841, 1312),
(842, 1313),
(843, 1315),
(844, 1317),
(845, 1319),
(846, 1320),
(847, 1321),
(848, 1326),
(849, 1327),
(850, 1328),
(851, 1330),
(852, 1331),
(853, 1333),
(854, 1334),
(855, 1338),
(856, 1340),
(857, 1341),
(858, 1342),
(859, 1343),
(860, 1344),
(861, 1346),
(862, 1347),
(863, 1349),
(864, 1350),
(865, 1351),
(866, 1352),
(867, 1353),
(868, 1354),
(869, 1357),
(870, 1359),
(871, 1360),
(872, 1363),
(873, 1364),
(874, 1366),
(875, 1367),
(876, 1368),
(877, 1371),
(878, 1372),
(879, 1375),
(880, 1376),
(881, 1377),
(882, 1378),
(883, 1379),
(884, 1380),
(885, 1383),
(886, 1384),
(887, 1386),
(888, 1387),
(889, 1389),
(890, 1390),
(891, 1394),
(892, 1395),
(893, 1396),
(894, 1398),
(895, 1400),
(896, 1401),
(897, 1402),
(898, 1403),
(899, 1404),
(900, 1405),
(901, 1408),
(902, 1409),
(903, 1412),
(904, 1413),
(905, 1416),
(906, 1417),
(907, 1419),
(908, 1420),
(909, 1421),
(910, 1422),
(911, 1423),
(912, 1424),
(913, 1426),
(914, 1428),
(915, 1429),
(916, 1430),
(917, 1432),
(918, 1434),
(919, 1435),
(920, 1438),
(921, 1441),
(922, 1442),
(923, 1443),
(924, 1445),
(925, 1446),
(926, 1447),
(927, 1448),
(928, 1449),
(929, 1452),
(930, 1455),
(931, 1456),
(932, 1459),
(933, 1460),
(934, 1461),
(935, 1462),
(936, 1464),
(937, 1465),
(938, 1466),
(939, 1468),
(940, 1469),
(941, 1470),
(942, 1472),
(943, 1473),
(944, 1474),
(945, 1475),
(946, 1476),
(947, 1477),
(948, 1478),
(949, 1479),
(950, 1480),
(951, 1481),
(952, 1482),
(953, 1483),
(954, 1486),
(955, 1488),
(956, 1489),
(957, 1492),
(958, 1493),
(959, 1494),
(960, 1502),
(961, 1504),
(962, 1505),
(963, 1506),
(964, 1507),
(965, 1508),
(966, 1509),
(967, 1510),
(968, 1511),
(969, 1514),
(970, 1515),
(971, 1516),
(972, 1517),
(973, 1520),
(974, 1523),
(975, 1524),
(976, 1525),
(977, 1526),
(978, 1527),
(979, 1528),
(980, 1530),
(981, 1531),
(982, 1532),
(983, 1535),
(984, 1536),
(985, 1537),
(986, 1538),
(987, 1539),
(988, 1540),
(989, 1542),
(990, 1543),
(991, 1544),
(992, 1545),
(993, 1547),
(994, 1548),
(995, 1550),
(996, 1552),
(997, 1557),
(998, 1558),
(999, 1559),
(1000, 1560),
(1001, 1561),
(1002, 1562),
(1003, 1563),
(1004, 1564),
(1005, 1565),
(1006, 1575),
(1007, 1576),
(1008, 1578),
(1009, 1579),
(1010, 1580),
(1011, 1582),
(1012, 1583),
(1013, 1584),
(1014, 1585),
(1015, 1586),
(1016, 1587),
(1017, 1588),
(1018, 1589),
(1019, 1591),
(1020, 1592),
(1021, 1593),
(1022, 1595),
(1023, 1598),
(1024, 1599),
(1025, 1600),
(1026, 1601),
(1027, 1602),
(1028, 1603),
(1029, 1605),
(1030, 1606),
(1031, 1607),
(1032, 1608),
(1033, 1610),
(1034, 1612),
(1035, 1613),
(1036, 1614),
(1037, 1615),
(1038, 1616),
(1039, 1617),
(1040, 1618),
(1041, 1622),
(1042, 1623),
(1043, 1624),
(1044, 1625),
(1045, 1626),
(1046, 1627),
(1047, 1629),
(1048, 1630),
(1049, 1631),
(1050, 1632),
(1051, 1633),
(1052, 1634),
(1053, 1635),
(1054, 1636),
(1055, 1637),
(1056, 1638),
(1057, 1639),
(1058, 1640),
(1059, 1641),
(1060, 1642),
(1061, 1643),
(1062, 1644),
(1063, 1645),
(1064, 1647),
(1065, 1648),
(1066, 1649),
(1067, 1650),
(1068, 1651),
(1069, 1652),
(1070, 1653),
(1071, 1655),
(1072, 1656),
(1073, 1659),
(1074, 1660),
(1075, 1662),
(1076, 1663),
(1077, 1665),
(1078, 1667),
(1079, 1668),
(1080, 1669),
(1081, 1671),
(1082, 1672),
(1083, 1675),
(1084, 1676),
(1085, 1678),
(1086, 1679),
(1087, 1680),
(1088, 1681),
(1089, 1682),
(1090, 1683),
(1091, 1684),
(1092, 1686),
(1093, 1687),
(1094, 1688),
(1095, 1690),
(1096, 1692),
(1097, 1693),
(1098, 1694),
(1099, 1697),
(1100, 1699),
(1101, 1702),
(1102, 1704),
(1103, 1705),
(1104, 1708),
(1105, 1710);
